杏花楼花色提篮月饼礼盒1120g 中华老字号 中秋月饼礼盒 广式月饼 高档,258.00元,杏花楼花色提篮月饼礼盒1120g 中华老字号 中秋月饼礼盒 广式月饼 高档,杏花楼旗舰店
"京东超市
广州酒家 双黄纯白莲蓉750g 广式月饼礼盒 中秋送礼糕点",178.00元,"京东超市
广州酒家 双黄纯白莲蓉750g 广式月饼礼盒 中秋送礼糕点",广州酒家京东自营旗舰店
"京东超市
月饼 稻香村月饼礼盒中秋月饼蛋黄莲蓉上品御礼1080g",129.00元,"京东超市
月饼 稻香村月饼礼盒中秋月饼蛋黄莲蓉上品御礼1080g",稻香村自营官方旗舰店
"京东超市
五芳斋 月饼礼盒 中秋节双蛋黄莲蓉等广式月饼礼盒装780g 中秋礼品送礼大礼包五芳和家礼盒",89.00元,"京东超市
五芳斋 月饼礼盒 中秋节双蛋黄莲蓉等广式月饼礼盒装780g 中秋礼品送礼大礼包五芳和家礼盒",五芳斋京东自营旗舰店
"京东超市
月饼 稻香村中秋月饼礼盒蛋黄莲蓉团圆祥礼560g",39.90元,"京东超市
月饼 稻香村中秋月饼礼盒蛋黄莲蓉团圆祥礼560g",稻香村自营官方旗舰店
"京东超市
中国香港 美心（Meixin）流心奶黄 港式中秋月饼礼盒 360g 8枚装",358.00元,"京东超市
中国香港 美心（Meixin）流心奶黄 港式中秋月饼礼盒 360g 8枚装",美心京东自营旗舰店
广州酒家 好事成双双黄纯白莲蓉月饼650g 蛋黄中秋送礼礼盒团购福利 好事成双双黄纯白莲蓉650克,148.00元,广州酒家 好事成双双黄纯白莲蓉月饼650g 蛋黄中秋送礼礼盒团购福利 好事成双双黄纯白莲蓉650克,东邮食品旗舰店
"京东超市
月饼 华美月饼礼盒中秋月饼大礼包蛋黄白莲蓉金秋月圆810g",59.90元,"京东超市
月饼 华美月饼礼盒中秋月饼大礼包蛋黄白莲蓉金秋月圆810g",华美京东自营旗舰店
"京东超市
月饼 稻香村月饼礼盒富贵团圆525g",23.90元,"京东超市
月饼 稻香村月饼礼盒富贵团圆525g",稻香村自营官方旗舰店
月饼 稻香村月饼礼盒 中秋糕点礼盒 流心奶黄月饼礼盒 水果奶茶口味 企业团购送礼下午茶员工福利 花月暖语铁盒装450g,158.00元,月饼 稻香村月饼礼盒 中秋糕点礼盒 流心奶黄月饼礼盒 水果奶茶口味 企业团购送礼下午茶员工福利 花月暖语铁盒装450g,稻香村糕点京东自营旗舰店
"京东超市
金九月饼 广式吴川 金九五仁金腿大饼 中秋月饼礼盒装500g",149.90元,"京东超市
金九月饼 广式吴川 金九五仁金腿大饼 中秋月饼礼盒装500g",金九京东自营旗舰店
"京东超市
广州酒家 好事成双月饼礼盒650g 4个装 双黄纯白莲蓉月饼 广式月饼 中秋礼盒",158.00元,"京东超市
广州酒家 好事成双月饼礼盒650g 4个装 双黄纯白莲蓉月饼 广式月饼 中秋礼盒",广州酒家京东自营旗舰店
月饼 华美月饼礼盒中秋月饼大礼包蛋黄莲蓉华美团圆500g,25.90元,月饼 华美月饼礼盒中秋月饼大礼包蛋黄莲蓉华美团圆500g,华美京东自营旗舰店
"京东超市
北京稻香村 月饼礼盒 中秋节礼品 福映月840g （12饼10味）",159.00元,"京东超市
北京稻香村 月饼礼盒 中秋节礼品 福映月840g （12饼10味）",北京稻香村京东自营旗舰店
"京东超市
月饼礼盒 金尊 澳门双黄莲蓉600g铁罐装中秋节送礼广式月饼企业团购员工福利",49.90元,"京东超市
月饼礼盒 金尊 澳门双黄莲蓉600g铁罐装中秋节送礼广式月饼企业团购员工福利",金尊京东自营旗舰店
"京东超市
月饼礼盒 华美月饼中秋月饼大礼包蛋黄莲蓉维港月色720g（双层礼盒）",49.90元,"京东超市
月饼礼盒 华美月饼中秋月饼大礼包蛋黄莲蓉维港月色720g（双层礼盒）",华美京东自营旗舰店
"京东超市
月饼 稻香村月饼礼盒中秋大礼包富贵中秋610g",49.90元,"京东超市
月饼 稻香村月饼礼盒中秋大礼包富贵中秋610g",稻香村自营官方旗舰店
"京东超市
五芳斋 月饼竹篮礼盒 中秋礼品团购广式月饼礼盒 中秋节大礼包酱鸭双蛋黄莲蓉五仁等五芳欢沁1110g",159.00元,"京东超市
五芳斋 月饼竹篮礼盒 中秋礼品团购广式月饼礼盒 中秋节大礼包酱鸭双蛋黄莲蓉五仁等五芳欢沁1110g",五芳斋京东自营旗舰店
鲜品屋 月饼礼盒装广式蛋黄莲蓉坚果仁月饼多口味中秋节企业团购 鲜品明月 550g,108.00元,鲜品屋 月饼礼盒装广式蛋黄莲蓉坚果仁月饼多口味中秋节企业团购 鲜品明月 550g,鲜品屋京东自营旗舰店
"京东超市
杏花楼 玫瑰豆沙月饼 广式月饼 中华老字号上海特产 中秋传统散装 100g",9.50元,"京东超市
杏花楼 玫瑰豆沙月饼 广式月饼 中华老字号上海特产 中秋传统散装 100g",杏花楼京东自营旗舰店
"京东超市
月饼 华美金尊纳福中秋月饼礼盒1100g（精装三层礼盒）",119.00元,"京东超市
月饼 华美金尊纳福中秋月饼礼盒1100g（精装三层礼盒）",华美京东自营旗舰店
"京东超市
广州酒家 团团圆圆月饼礼盒492.5g 双黄白莲蓉黑芝麻 广式月饼礼盒 中秋送礼糕点",118.00元,"京东超市
广州酒家 团团圆圆月饼礼盒492.5g 双黄白莲蓉黑芝麻 广式月饼礼盒 中秋送礼糕点",广州酒家京东自营旗舰店
"京东超市
月饼 华美月饼礼盒中秋月饼大礼包蛋黄莲蓉祥鹿贺月630g",39.90元,"京东超市
月饼 华美月饼礼盒中秋月饼大礼包蛋黄莲蓉祥鹿贺月630g",华美京东自营旗舰店
"京东超市
月饼 稻香村高端月饼礼盒中秋送礼团购流心奶黄400g",89.90元,"京东超市
月饼 稻香村高端月饼礼盒中秋送礼团购流心奶黄400g",稻香村月饼专卖店
诺梵复古多口味高档手工夹心糕点中秋月饼礼盒送礼附高品质餐具420g,258.00元,诺梵复古多口味高档手工夹心糕点中秋月饼礼盒送礼附高品质餐具420g,诺梵京东自营旗舰店
"京东超市
月饼 稻香村月饼礼盒中秋大礼包蛋黄莲蓉家团圆790g",69.90元,"京东超市
月饼 稻香村月饼礼盒中秋大礼包蛋黄莲蓉家团圆790g",稻香村自营官方旗舰店
"京东超市
北京稻香村 月饼礼盒 中秋节礼品 团购送礼 团圆中秋610g（9饼9味）",128.00元,"京东超市
北京稻香村 月饼礼盒 中秋节礼品 团购送礼 团圆中秋610g（9饼9味）",北京稻香村京东自营旗舰店
"京东超市
金九月饼礼盒 广式吴川五仁金腿大饼 中秋月饼送礼盒装1000g",228.00元,"京东超市
金九月饼礼盒 广式吴川五仁金腿大饼 中秋月饼送礼盒装1000g",金九京东自营旗舰店
五芳斋 月饼礼盒 中秋节广式月饼蛋黄莲蓉红豆沙紫薯 五芳韵味680克（内含200克双黄清香莲蓉）,79.80元,五芳斋 月饼礼盒 中秋节广式月饼蛋黄莲蓉红豆沙紫薯 五芳韵味680克（内含200克双黄清香莲蓉）,五芳斋官方旗舰店
"京东超市
杏花楼 蛋黄莲蓉月饼 中华老字号上海特产 中秋传统散装 100g",10.80元,"京东超市
杏花楼 蛋黄莲蓉月饼 中华老字号上海特产 中秋传统散装 100g",杏花楼京东自营旗舰店
元祖 苏式月饼礼盒 花新月598g/盒 3味19饼 中秋节礼品,262.24元,元祖 苏式月饼礼盒 花新月598g/盒 3味19饼 中秋节礼品,元祖（GANSO）京东自营旗舰店
"京东超市
中国香港 美心（Meixin）精装八宝 月饼礼盒 675g",308.00元,"京东超市
中国香港 美心（Meixin）精装八宝 月饼礼盒 675g",美心京东自营旗舰店
"京东超市
北京稻香村 月饼礼盒 中秋节礼品 三禾尊礼965g（12饼10味）",299.00元,"京东超市
北京稻香村 月饼礼盒 中秋节礼品 三禾尊礼965g（12饼10味）",北京稻香村京东自营旗舰店
"京东超市
悠享时 中秋节礼品 桃山奶黄流心月饼礼盒 中秋月饼礼盒自营 绿豆糕曲奇饼干礼盒 中秋送礼佳品团购定制 花好月圆礼盒760g【3味流心+什锦曲奇】",169.00元,"京东超市
悠享时 中秋节礼品 桃山奶黄流心月饼礼盒 中秋月饼礼盒自营 绿豆糕曲奇饼干礼盒 中秋送礼佳品团购定制 花好月圆礼盒760g【3味流心+什锦曲奇】",YOTIME京东自营官方旗舰店
悠享时 中秋节月饼礼盒 桃山奶黄流心月饼礼盒送礼佳品 中秋送礼佳品 绿豆糕礼盒 企业团购定制中秋礼品 中秋映月礼盒【流心+绿豆糕】,139.00元,悠享时 中秋节月饼礼盒 桃山奶黄流心月饼礼盒送礼佳品 中秋送礼佳品 绿豆糕礼盒 企业团购定制中秋礼品 中秋映月礼盒【流心+绿豆糕】,悠享时yotime旗舰店
"京东超市
良品铺子 良辰欢聚月412g 月饼礼盒6枚教师节送礼中秋送礼广式月饼鲜果送礼散月奶黄流心",109.00元,"京东超市
良品铺子 良辰欢聚月412g 月饼礼盒6枚教师节送礼中秋送礼广式月饼鲜果送礼散月奶黄流心",良品铺子京东自营旗舰店
【全国通用】元祖月饼提货券 月饼券 中秋节礼品卡券 通兑礼券提货劵高端月饼票 288型花皓月提货券,253.44元,【全国通用】元祖月饼提货券 月饼券 中秋节礼品卡券 通兑礼券提货劵高端月饼票 288型花皓月提货券,元祖旗舰店
【流心奶黄】唐朴中秋港式流心奶黄月饼礼盒 中秋糕点礼盒广式冰皮网红企业团购6枚装360g,182.00元,【流心奶黄】唐朴中秋港式流心奶黄月饼礼盒 中秋糕点礼盒广式冰皮网红企业团购6枚装360g,唐朴旗舰店
"京东超市
味滋源 2层提篮月饼礼盒600g广式冰皮五仁蛋黄莲蓉桃山皮豆沙多口味中秋节送礼团购礼品",43.50元,"京东超市
味滋源 2层提篮月饼礼盒600g广式冰皮五仁蛋黄莲蓉桃山皮豆沙多口味中秋节送礼团购礼品",味滋源京东自营旗舰店
"京东超市
知味观中华老字号 椒盐馅8只 苏式酥皮月饼360g筒装 中秋送礼杭州特产散装馅饼",22.90元,"京东超市
知味观中华老字号 椒盐馅8只 苏式酥皮月饼360g筒装 中秋送礼杭州特产散装馅饼",知味观京东自营旗舰店
"京东超市
月饼 稻香村月饼礼盒 稻香韵月800g双层竹篮",159.00元,"京东超市
月饼 稻香村月饼礼盒 稻香韵月800g双层竹篮",亲别找啦京东自营旗舰店
"京东超市
月饼 稻香村月饼礼盒盛世金尊1300g双层礼盒8味16饼含蛋黄莲蓉月饼",119.00元,"京东超市
月饼 稻香村月饼礼盒盛世金尊1300g双层礼盒8味16饼含蛋黄莲蓉月饼",京东自营月饼活动专区
杏花楼 广式蛋黄莲蓉月饼680g 中华老字号 中秋月饼礼盒 广式月饼,140.60元,杏花楼 广式蛋黄莲蓉月饼680g 中华老字号 中秋月饼礼盒 广式月饼,杏花楼旗舰店
月饼 稻香村金色三层月饼礼盒 稻香荣典 1210g 12饼8味 稻香村月饼五仁蛋黄莲蓉企业团购集采,99.00元,月饼 稻香村金色三层月饼礼盒 稻香荣典 1210g 12饼8味 稻香村月饼五仁蛋黄莲蓉企业团购集采,稻香村·遵化特产馆
"京东超市
稻香村 月饼礼盒 双层中秋礼盒 稻香金礼1108g/盒 企业团购福利",109.00元,"京东超市
稻香村 月饼礼盒 双层中秋礼盒 稻香金礼1108g/盒 企业团购福利",源合斋京东自营旗舰店
"京东超市
五芳斋 月饼礼盒（双层） 中秋节港式四层流心糯月饼礼盒装 五芳皓月糯礼盒720g",199.00元,"京东超市
五芳斋 月饼礼盒（双层） 中秋节港式四层流心糯月饼礼盒装 五芳皓月糯礼盒720g",五芳斋京东自营旗舰店
"京东超市
桃山奶黄流心月饼礼盒 中秋月饼礼盒自营 绿豆糕曲奇饼干礼盒 中秋送礼佳品团购定制 中秋映月礼盒544g【3味流心+八味绿豆糕】",139.00元,"京东超市
桃山奶黄流心月饼礼盒 中秋月饼礼盒自营 绿豆糕曲奇饼干礼盒 中秋送礼佳品团购定制 中秋映月礼盒544g【3味流心+八味绿豆糕】",YOTIME京东自营官方旗舰店
"京东超市
卢师傅椰蓉月饼糕点零食早餐下午茶点8枚特惠整箱装",14.80元,"京东超市
卢师傅椰蓉月饼糕点零食早餐下午茶点8枚特惠整箱装",卢师傅京东自营旗舰店
鲜品屋 月饼礼盒装广式蛋黄莲蓉坚果仁月饼多口味中秋节企业团购 鲜品福月 580g,138.00元,鲜品屋 月饼礼盒装广式蛋黄莲蓉坚果仁月饼多口味中秋节企业团购 鲜品福月 580g,鲜品屋京东自营旗舰店
"京东超市
中国香港 美心（Meixin）盛意奶黄 港式月饼礼盒 270g",268.00元,"京东超市
中国香港 美心（Meixin）盛意奶黄 港式月饼礼盒 270g",美心京东自营旗舰店
"京东超市
月饼 稻香村中秋月饼礼盒火腿豆沙广式月饼散装月饼家庭装760g",32.90元,"京东超市
月饼 稻香村中秋月饼礼盒火腿豆沙广式月饼散装月饼家庭装760g",稻香村自营专卖店
"京东超市
三只松鼠奶黄流心礼月饼礼盒 中秋送礼传统糕点点心休闲零食300g",79.90元,"京东超市
三只松鼠奶黄流心礼月饼礼盒 中秋送礼传统糕点点心休闲零食300g",三只松鼠京东自营旗舰店
"京东超市
葡记 咸蛋黄酥20枚礼盒1000g 中秋月饼礼盒 手工特产糕点心 网红蛋糕面包曲奇饼干 下午茶休闲零食 团购送礼",59.90元,"京东超市
葡记 咸蛋黄酥20枚礼盒1000g 中秋月饼礼盒 手工特产糕点心 网红蛋糕面包曲奇饼干 下午茶休闲零食 团购送礼",葡记京东自营旗舰店
"京东超市
月饼 华美月饼礼盒蛋黄纯白莲蓉多种口味 中秋送礼团购臻品1020g",149.00元,"京东超市
月饼 华美月饼礼盒蛋黄纯白莲蓉多种口味 中秋送礼团购臻品1020g",华美食品京东官方自营旗舰店
五芳斋 月饼竹篮礼盒 中秋礼品团购广式月饼礼盒 中秋节大礼包酱鸭双蛋黄莲蓉五仁等五芳欢沁1110g,159.00元,五芳斋 月饼竹篮礼盒 中秋礼品团购广式月饼礼盒 中秋节大礼包酱鸭双蛋黄莲蓉五仁等五芳欢沁1110g,五芳斋京东自营旗舰店
"京东超市
广州酒家 双黄纯白莲蓉月饼 广式月饼礼盒750g/盒 中秋送礼月饼员工团购福利手信礼盒",188.00元,"京东超市
广州酒家 双黄纯白莲蓉月饼 广式月饼礼盒750g/盒 中秋送礼月饼员工团购福利手信礼盒",广州酒家旗舰店
杏花楼 嫦娥铁盒月饼礼盒800g 中华老字号 中秋月饼礼盒 广式月饼,108.00元,杏花楼 嫦娥铁盒月饼礼盒800g 中华老字号 中秋月饼礼盒 广式月饼,杏花楼旗舰店
稻香村 月饼礼盒 中秋礼盒稻香尊月710g/盒 企业团购公司福利,59.90元,稻香村 月饼礼盒 中秋礼盒稻香尊月710g/盒 企业团购公司福利,稻香村·鹿泉特产馆
"京东超市
月饼礼盒鲜品屋中秋月饼大礼包金秋品月1025g（13饼13味）中秋节送礼广式苏式蛋黄莲蓉糕点礼盒",59.90元,"京东超市
月饼礼盒鲜品屋中秋月饼大礼包金秋品月1025g（13饼13味）中秋节送礼广式苏式蛋黄莲蓉糕点礼盒",鲜品屋京东自营旗舰店
"京东超市
百草味 中秋月饼礼盒 中秋流心奶黄零食多口味盒装中秋礼盒礼品送礼 【广式+流心】对月吟诗礼盒400g",99.90元,"京东超市
百草味 中秋月饼礼盒 中秋流心奶黄零食多口味盒装中秋礼盒礼品送礼 【广式+流心】对月吟诗礼盒400g",百草味官方旗舰店
广州陶陶居酒家双黄白莲蓉中秋月饼礼盒装 广式经典双蛋黄莲蓉 传统正宗广式混糖皮大个 送礼团购福利 如意团圆礼盒560g,80.00元,广州陶陶居酒家双黄白莲蓉中秋月饼礼盒装 广式经典双蛋黄莲蓉 传统正宗广式混糖皮大个 送礼团购福利 如意团圆礼盒560g,陶陶居食品官方旗舰店
"京东超市
米旗（Maky）月饼 旗聚中秋月饼礼盒8粒装4种口味 中秋礼品团购福利",59.90元,"京东超市
米旗（Maky）月饼 旗聚中秋月饼礼盒8粒装4种口味 中秋礼品团购福利",米旗京东自营旗舰店
"京东超市
中国香港 美心（Meixin）精选六口味 港式中秋月饼礼盒 730g 6枚装",369.00元,"京东超市
中国香港 美心（Meixin）精选六口味 港式中秋月饼礼盒 730g 6枚装",美心京东自营旗舰店
"京东超市
御厨坊老北京五仁月饼零食饼干糕点面包广式稻香风味中华品质美名流传村村心动中秋节礼品礼盒散饼80g",11.90元,"京东超市
御厨坊老北京五仁月饼零食饼干糕点面包广式稻香风味中华品质美名流传村村心动中秋节礼品礼盒散饼80g",御厨坊官方京东自营旗舰店
稻香村月饼礼盒中秋节广式月饼蛋黄莲蓉五仁多口味混合礼盒 金典稻香600g礼盒,39.90元,稻香村月饼礼盒中秋节广式月饼蛋黄莲蓉五仁多口味混合礼盒 金典稻香600g礼盒,馋神食品专营店
"京东超市
月饼 华美蛋黄莲蓉中秋月饼礼盒880g(精装双层礼盒)",88.00元,"京东超市
月饼 华美蛋黄莲蓉中秋月饼礼盒880g(精装双层礼盒)",华美京东自营旗舰店
元朗荣华月饼礼盒 蛋黄金翡翠中秋月饼600g 香港品牌中秋节送礼品广式月饼礼盒,158.00元,元朗荣华月饼礼盒 蛋黄金翡翠中秋月饼600g 香港品牌中秋节送礼品广式月饼礼盒,元朗荣华京东自营专卖店
"京东超市
广州酒家 熔岩流心奶黄礼盒400g 巧克力流心 送礼佳品",228.00元,"京东超市
广州酒家 熔岩流心奶黄礼盒400g 巧克力流心 送礼佳品",广州酒家京东自营旗舰店
"京东超市
杏花楼 月饼礼盒 七星伴月810g 广式月饼礼盒装中秋送礼 中华老字号上海特产 传统老式多口味",198.00元,"京东超市
杏花楼 月饼礼盒 七星伴月810g 广式月饼礼盒装中秋送礼 中华老字号上海特产 传统老式多口味",杏花楼京东自营旗舰店
"京东超市
广州酒家 芝你心意流心月饼礼盒400g 8个装 中秋月饼 送礼佳品",228.00元,"京东超市
广州酒家 芝你心意流心月饼礼盒400g 8个装 中秋月饼 送礼佳品",广州酒家京东自营旗舰店
广州酒家月饼 中秋月饼礼盒 利口福广式双蛋黄白莲蓉豆沙月饼礼盒 企采团购送礼佳品 荣华富贵532.5克,138.00元,广州酒家月饼 中秋月饼礼盒 利口福广式双蛋黄白莲蓉豆沙月饼礼盒 企采团购送礼佳品 荣华富贵532.5克,东邮食品旗舰店
"京东超市
月饼 稻香村月饼礼盒1220g含500克奶油五仁大月饼 蛋黄莲蓉月饼 上品荣典",89.00元,"京东超市
月饼 稻香村月饼礼盒1220g含500克奶油五仁大月饼 蛋黄莲蓉月饼 上品荣典",京东自营月饼活动专区
【限时秒杀】月饼 华美月饼礼盒广式双黄蛋黄白莲蓉豆沙五仁多口味 企业团购中秋送礼 粤工坊双蛋黄白莲蓉720g,99.90元,【限时秒杀】月饼 华美月饼礼盒广式双黄蛋黄白莲蓉豆沙五仁多口味 企业团购中秋送礼 粤工坊双蛋黄白莲蓉720g,东邮食品旗舰店
知味观 中华老字号 苏式月饼杭州特产馅饼椒盐百果味*2 中秋手工酥皮散装老式360g,32.90元,知味观 中华老字号 苏式月饼杭州特产馅饼椒盐百果味*2 中秋手工酥皮散装老式360g,知味观食品旗舰店
"京东超市
稻香村 月饼礼盒 中秋礼盒 稻香瑞礼770g/盒 企业团购福利",59.90元,"京东超市
稻香村 月饼礼盒 中秋礼盒 稻香瑞礼770g/盒 企业团购福利",源合斋京东自营旗舰店
喜来顺金秋祝福9味15饼传统糕点散装多口味广式老式蛋黄白莲蓉伍仁豆沙月饼送礼800克,29.80元,喜来顺金秋祝福9味15饼传统糕点散装多口味广式老式蛋黄白莲蓉伍仁豆沙月饼送礼800克,喜来顺京东自营旗舰店
月饼礼盒 莲香楼 双黄纯正白莲蓉中秋节广式月饼4饼750g铁罐装中华老字号企业团购员工福利,188.00元,月饼礼盒 莲香楼 双黄纯正白莲蓉中秋节广式月饼4饼750g铁罐装中华老字号企业团购员工福利,莲香楼京东自营专区
"京东超市
杏花楼 月饼礼盒 福月宝480g 广式月饼礼盒装中秋送礼 中华老字号上海特产 多口味豆沙奶椰",98.00元,"京东超市
杏花楼 月饼礼盒 福月宝480g 广式月饼礼盒装中秋送礼 中华老字号上海特产 多口味豆沙奶椰",杏花楼京东自营旗舰店
鲜品屋 月饼礼盒装广式蛋黄莲蓉坚果仁月饼多口味中秋节企业团购 鲜品臻萃 1095g,348.00元,鲜品屋 月饼礼盒装广式蛋黄莲蓉坚果仁月饼多口味中秋节企业团购 鲜品臻萃 1095g,鲜品屋京东自营旗舰店
"京东超市
元朗 月饼礼盒 咸蛋黄白莲蓉 老广东广州港式中秋节送礼零食品520g",99.00元,"京东超市
元朗 月饼礼盒 咸蛋黄白莲蓉 老广东广州港式中秋节送礼零食品520g",元朗京东自营旗舰店
杏花楼花色提篮月饼礼盒1120g 中华老字号 中秋月饼礼盒 广式月饼 高档,258.00元,杏花楼花色提篮月饼礼盒1120g 中华老字号 中秋月饼礼盒 广式月饼 高档,杏花楼旗舰店
"京东超市
月饼 东望洋澳门雅月双黄白莲蓉广式中秋月饼礼盒企业团购620g",39.90元,"京东超市
月饼 东望洋澳门雅月双黄白莲蓉广式中秋月饼礼盒企业团购620g",东望洋食品京东自营旗舰店
"京东超市
五芳斋 月饼礼盒 中秋礼品广式月饼礼盒装 中秋节送礼团购双蛋黄莲蓉流心奶黄五芳欢月礼盒550g",129.00元,"京东超市
五芳斋 月饼礼盒 中秋礼品广式月饼礼盒装 中秋节送礼团购双蛋黄莲蓉流心奶黄五芳欢月礼盒550g",五芳斋京东自营旗舰店
米旗情满中秋广式月饼盒装550g多口味蛋黄白莲豆沙黑芝麻月饼礼盒团购,89.90元,米旗情满中秋广式月饼盒装550g多口味蛋黄白莲豆沙黑芝麻月饼礼盒团购,米旗食品官方旗舰店
鲜品屋 月饼礼盒装广式蛋黄莲蓉坚果仁月饼多口味中秋节企业团购 鲜品悦礼 895g,238.00元,鲜品屋 月饼礼盒装广式蛋黄莲蓉坚果仁月饼多口味中秋节企业团购 鲜品悦礼 895g,鲜品屋京东自营旗舰店
知味观 中华老字号 港式流心奶黄礼盒 中秋月饼礼盒团购 流心饼,99.90元,知味观 中华老字号 港式流心奶黄礼盒 中秋月饼礼盒团购 流心饼,知味观食品旗舰店
月饼 稻香村月饼礼盒 稻香好礼 500g 中秋节大礼包 蛋黄莲蓉五仁月饼 月饼团购送礼,39.90元,月饼 稻香村月饼礼盒 稻香好礼 500g 中秋节大礼包 蛋黄莲蓉五仁月饼 月饼团购送礼,稻香村·遵化特产馆
功德林苏式多口味月饼玫瑰细沙上等五仁传统老式糕点640g 上海特产中华老字号团购 4味8饼（玫瑰细沙，桃仁黑麻，上等五仁，椒盐百果) 640g,84.90元,功德林苏式多口味月饼玫瑰细沙上等五仁传统老式糕点640g 上海特产中华老字号团购 4味8饼（玫瑰细沙，桃仁黑麻，上等五仁，椒盐百果) 640g,功德林官方旗舰店
"京东超市
米旗（Maky）印象中秋月饼礼盒9粒装6种口味 中秋礼品团购福利",69.90元,"京东超市
米旗（Maky）印象中秋月饼礼盒9粒装6种口味 中秋礼品团购福利",米旗京东自营旗舰店
中华老字号昆明冠生园月饼云南特产云腿月饼80g*10个中秋滇式火腿月饼,59.90元,中华老字号昆明冠生园月饼云南特产云腿月饼80g*10个中秋滇式火腿月饼,梅花牌旗舰店
杏花楼花色提篮月饼礼盒1120g 中华老字号 中秋月饼礼盒 广式月饼 高档,258.00元,杏花楼花色提篮月饼礼盒1120g 中华老字号 中秋月饼礼盒 广式月饼 高档,杏花楼旗舰店
"京东超市
月饼 稻香村月饼礼盒中秋月饼蛋黄莲蓉上品御礼1080g",129.00元,"京东超市
月饼 稻香村月饼礼盒中秋月饼蛋黄莲蓉上品御礼1080g",稻香村自营官方旗舰店
"京东超市
广州酒家 双黄纯白莲蓉750g 广式月饼礼盒 中秋送礼糕点",178.00元,"京东超市
广州酒家 双黄纯白莲蓉750g 广式月饼礼盒 中秋送礼糕点",广州酒家京东自营旗舰店
"京东超市
五芳斋 月饼礼盒 中秋节双蛋黄莲蓉等广式月饼礼盒装780g 中秋礼品送礼大礼包五芳和家礼盒",89.00元,"京东超市
五芳斋 月饼礼盒 中秋节双蛋黄莲蓉等广式月饼礼盒装780g 中秋礼品送礼大礼包五芳和家礼盒",五芳斋京东自营旗舰店
"京东超市
中国香港 美心（Meixin）流心奶黄 港式中秋月饼礼盒 360g 8枚装",358.00元,"京东超市
中国香港 美心（Meixin）流心奶黄 港式中秋月饼礼盒 360g 8枚装",美心京东自营旗舰店
"京东超市
月饼 稻香村中秋月饼礼盒蛋黄莲蓉团圆祥礼560g",39.90元,"京东超市
月饼 稻香村中秋月饼礼盒蛋黄莲蓉团圆祥礼560g",稻香村自营官方旗舰店
【全国通用】元祖月饼提货券 月饼券 中秋节礼品卡券 通兑礼券提货劵高端月饼票 268型脆雪月提货券,235.84元,【全国通用】元祖月饼提货券 月饼券 中秋节礼品卡券 通兑礼券提货劵高端月饼票 268型脆雪月提货券,元祖旗舰店
"京东超市
月饼礼盒 华美月饼中秋月饼大礼包蛋黄莲蓉维港月色720g（双层礼盒）",49.90元,"京东超市
月饼礼盒 华美月饼中秋月饼大礼包蛋黄莲蓉维港月色720g（双层礼盒）",华美京东自营旗舰店
"京东超市
北京稻香村 月饼礼盒 中秋节礼品 福映月840g （12饼10味）",159.00元,"京东超市
北京稻香村 月饼礼盒 中秋节礼品 福映月840g （12饼10味）",北京稻香村京东自营旗舰店
"京东超市
月饼 稻香村月饼礼盒富贵团圆525g",23.90元,"京东超市
月饼 稻香村月饼礼盒富贵团圆525g",稻香村自营官方旗舰店
"京东超市
月饼 华美月饼礼盒中秋月饼大礼包蛋黄莲蓉祥鹿贺月630g",39.90元,"京东超市
月饼 华美月饼礼盒中秋月饼大礼包蛋黄莲蓉祥鹿贺月630g",华美京东自营旗舰店
月饼 稻香村月饼礼盒 中秋糕点礼盒 流心奶黄月饼礼盒 水果奶茶口味 企业团购送礼下午茶员工福利 花月暖语铁盒装450g,158.00元,月饼 稻香村月饼礼盒 中秋糕点礼盒 流心奶黄月饼礼盒 水果奶茶口味 企业团购送礼下午茶员工福利 花月暖语铁盒装450g,稻香村糕点京东自营旗舰店
杏花楼 嫦娥铁盒月饼礼盒800g 中华老字号 中秋月饼礼盒 广式月饼,108.00元,杏花楼 嫦娥铁盒月饼礼盒800g 中华老字号 中秋月饼礼盒 广式月饼,杏花楼旗舰店
"京东超市
北京稻香村 月饼礼盒 中秋节礼品 团购送礼 团圆中秋610g（9饼9味）",128.00元,"京东超市
北京稻香村 月饼礼盒 中秋节礼品 团购送礼 团圆中秋610g（9饼9味）",北京稻香村京东自营旗舰店
"京东超市
金九月饼 广式吴川 金九五仁金腿大饼 中秋月饼礼盒装500g",149.90元,"京东超市
金九月饼 广式吴川 金九五仁金腿大饼 中秋月饼礼盒装500g",金九京东自营旗舰店
"京东超市
广州酒家 好事成双月饼礼盒650g 4个装 双黄纯白莲蓉月饼 广式月饼 中秋礼盒",158.00元,"京东超市
广州酒家 好事成双月饼礼盒650g 4个装 双黄纯白莲蓉月饼 广式月饼 中秋礼盒",广州酒家京东自营旗舰店
"京东超市
月饼 华美月饼礼盒中秋月饼大礼包蛋黄白莲蓉金秋月圆810g",59.90元,"京东超市
月饼 华美月饼礼盒中秋月饼大礼包蛋黄白莲蓉金秋月圆810g",华美京东自营旗舰店
"京东超市
月饼 稻香村月饼礼盒中秋大礼包富贵中秋610g",49.90元,"京东超市
月饼 稻香村月饼礼盒中秋大礼包富贵中秋610g",稻香村自营官方旗舰店
诺梵复古多口味高档手工夹心糕点中秋月饼礼盒送礼附高品质餐具420g,258.00元,诺梵复古多口味高档手工夹心糕点中秋月饼礼盒送礼附高品质餐具420g,诺梵京东自营旗舰店
"京东超市
五芳斋 月饼竹篮礼盒 中秋礼品团购广式月饼礼盒 中秋节大礼包酱鸭双蛋黄莲蓉五仁等五芳欢沁1110g",159.00元,"京东超市
五芳斋 月饼竹篮礼盒 中秋礼品团购广式月饼礼盒 中秋节大礼包酱鸭双蛋黄莲蓉五仁等五芳欢沁1110g",五芳斋京东自营旗舰店
五芳斋 月饼礼盒 中秋节广式月饼蛋黄莲蓉红豆沙紫薯 五芳韵味680克（内含200克双黄清香莲蓉）,79.80元,五芳斋 月饼礼盒 中秋节广式月饼蛋黄莲蓉红豆沙紫薯 五芳韵味680克（内含200克双黄清香莲蓉）,五芳斋官方旗舰店
"京东超市
月饼 稻香村高端月饼礼盒中秋送礼团购流心奶黄400g",89.90元,"京东超市
月饼 稻香村高端月饼礼盒中秋送礼团购流心奶黄400g",稻香村月饼专卖店
"京东超市
五芳斋 月饼礼盒 中秋礼品广式三层月饼礼盒1180g 双蛋黄莲蓉月饼酱鸭等五芳丰月礼盒",179.00元,"京东超市
五芳斋 月饼礼盒 中秋礼品广式三层月饼礼盒1180g 双蛋黄莲蓉月饼酱鸭等五芳丰月礼盒",五芳斋京东自营旗舰店
"京东超市
月饼 华美金尊纳福中秋月饼礼盒1100g（精装三层礼盒）",119.00元,"京东超市
月饼 华美金尊纳福中秋月饼礼盒1100g（精装三层礼盒）",华美京东自营旗舰店
鲜品屋 月饼礼盒装广式蛋黄莲蓉坚果仁月饼多口味中秋节企业团购 鲜品华礼 975g,278.00元,鲜品屋 月饼礼盒装广式蛋黄莲蓉坚果仁月饼多口味中秋节企业团购 鲜品华礼 975g,鲜品屋京东自营旗舰店
"京东超市
月饼礼盒 金尊 澳门双黄莲蓉600g铁罐装中秋节送礼广式月饼企业团购员工福利",49.90元,"京东超市
月饼礼盒 金尊 澳门双黄莲蓉600g铁罐装中秋节送礼广式月饼企业团购员工福利",金尊京东自营旗舰店
"京东超市
月饼 稻香村月饼礼盒中秋大礼包蛋黄莲蓉家团圆790g",69.90元,"京东超市
月饼 稻香村月饼礼盒中秋大礼包蛋黄莲蓉家团圆790g",稻香村自营官方旗舰店
"京东超市
杏花楼 玫瑰豆沙月饼 广式月饼 中华老字号上海特产 中秋传统散装 100g",9.50元,"京东超市
杏花楼 玫瑰豆沙月饼 广式月饼 中华老字号上海特产 中秋传统散装 100g",杏花楼京东自营旗舰店
"京东超市
金九月饼礼盒 广式吴川五仁金腿大饼 中秋月饼送礼盒装1000g",228.00元,"京东超市
金九月饼礼盒 广式吴川五仁金腿大饼 中秋月饼送礼盒装1000g",金九京东自营旗舰店
"京东超市
月饼 稻香村月饼礼盒中秋大礼包中秋团圆820g",99.00元,"京东超市
月饼 稻香村月饼礼盒中秋大礼包中秋团圆820g",稻香村自营官方旗舰店
月饼 华美月饼礼盒中秋月饼大礼包蛋黄莲蓉华美团圆500g,25.90元,月饼 华美月饼礼盒中秋月饼大礼包蛋黄莲蓉华美团圆500g,华美京东自营旗舰店
"京东超市
广州酒家 臻品礼月月饼礼盒725g 双黄白莲蓉 奶黄流心 芝士 抹茶红豆",338.00元,"京东超市
广州酒家 臻品礼月月饼礼盒725g 双黄白莲蓉 奶黄流心 芝士 抹茶红豆",广州酒家京东自营旗舰店
"京东超市
月饼 稻香村月饼礼盒盛世金尊1300g双层礼盒8味16饼含蛋黄莲蓉月饼",119.00元,"京东超市
月饼 稻香村月饼礼盒盛世金尊1300g双层礼盒8味16饼含蛋黄莲蓉月饼",京东自营月饼活动专区
"京东超市
元朗 五仁月饼 散装火腿肉馅 中秋节老广东广州港式送礼食品150g",15.80元,"京东超市
元朗 五仁月饼 散装火腿肉馅 中秋节老广东广州港式送礼食品150g",元朗京东自营旗舰店
"京东超市
悠享时 中秋节礼品 桃山奶黄流心月饼礼盒 中秋月饼礼盒自营 绿豆糕曲奇饼干礼盒 中秋送礼佳品团购定制 花好月圆礼盒760g【3味流心+什锦曲奇】",169.00元,"京东超市
悠享时 中秋节礼品 桃山奶黄流心月饼礼盒 中秋月饼礼盒自营 绿豆糕曲奇饼干礼盒 中秋送礼佳品团购定制 花好月圆礼盒760g【3味流心+什锦曲奇】",YOTIME京东自营官方旗舰店
五芳斋 月饼礼盒 中秋节广式月饼蛋黄莲蓉豆沙五仁团购企业福利 五芳礼玥620克,72.90元,五芳斋 月饼礼盒 中秋节广式月饼蛋黄莲蓉豆沙五仁团购企业福利 五芳礼玥620克,五芳斋官方旗舰店
鲜品屋 月饼礼盒装广式蛋黄莲蓉坚果仁月饼多口味中秋节企业团购 鲜品映月 1015g,318.00元,鲜品屋 月饼礼盒装广式蛋黄莲蓉坚果仁月饼多口味中秋节企业团购 鲜品映月 1015g,鲜品屋京东自营旗舰店
"京东超市
月饼礼盒 华美月饼中秋月饼大礼包蛋黄莲蓉尊荣富贵880g（双层礼盒）",88.00元,"京东超市
月饼礼盒 华美月饼中秋月饼大礼包蛋黄莲蓉尊荣富贵880g（双层礼盒）",华美京东自营旗舰店
"京东超市
三只松鼠奶黄流心礼月饼礼盒 中秋送礼传统糕点点心休闲零食300g",79.90元,"京东超市
三只松鼠奶黄流心礼月饼礼盒 中秋送礼传统糕点点心休闲零食300g",三只松鼠京东自营旗舰店
"京东超市
桃山奶黄流心月饼礼盒 中秋月饼礼盒自营 绿豆糕曲奇饼干礼盒 中秋送礼佳品团购定制 中秋映月礼盒544g【3味流心+八味绿豆糕】",139.00元,"京东超市
桃山奶黄流心月饼礼盒 中秋月饼礼盒自营 绿豆糕曲奇饼干礼盒 中秋送礼佳品团购定制 中秋映月礼盒544g【3味流心+八味绿豆糕】",YOTIME京东自营官方旗舰店
"京东超市
味滋源 2层提篮月饼礼盒600g广式冰皮五仁蛋黄莲蓉桃山皮豆沙多口味中秋节送礼团购礼品",43.50元,"京东超市
味滋源 2层提篮月饼礼盒600g广式冰皮五仁蛋黄莲蓉桃山皮豆沙多口味中秋节送礼团购礼品",味滋源京东自营旗舰店
"京东超市
华美八享时 月饼礼盒 中秋礼盒 桃山皮月饼450g/盒 企业团购福利 流心奶黄 巧克力榛仁味等",99.90元,"京东超市
华美八享时 月饼礼盒 中秋礼盒 桃山皮月饼450g/盒 企业团购福利 流心奶黄 巧克力榛仁味等",源合斋京东自营旗舰店
月饼 华美广式双黄白莲蓉中秋月饼礼盒大礼包团购送礼 双黄白莲蓉680g,98.00元,月饼 华美广式双黄白莲蓉中秋月饼礼盒大礼包团购送礼 双黄白莲蓉680g,华美糕点自营旗舰店
"京东超市
月饼 华美祝福美满中秋月饼礼盒1100g(精装三层礼盒)",119.00元,"京东超市
月饼 华美祝福美满中秋月饼礼盒1100g(精装三层礼盒)",华美京东自营旗舰店
"京东超市
月饼 稻香村月饼礼盒中秋大礼包蛋黄莲蓉迎月纳福890g",79.00元,"京东超市
月饼 稻香村月饼礼盒中秋大礼包蛋黄莲蓉迎月纳福890g",稻香村自营官方旗舰店
"京东超市
五芳斋 月饼礼盒（双层） 中秋节港式四层流心糯月饼礼盒装 五芳皓月糯礼盒720g",199.00元,"京东超市
五芳斋 月饼礼盒（双层） 中秋节港式四层流心糯月饼礼盒装 五芳皓月糯礼盒720g",五芳斋京东自营旗舰店
"京东超市
杏花楼 奶油椰蓉月饼 广式月饼 中华老字号上海特产 中秋传统散装 100g",9.80元,"京东超市
杏花楼 奶油椰蓉月饼 广式月饼 中华老字号上海特产 中秋传统散装 100g",杏花楼京东自营旗舰店
"京东超市
葡记 咸蛋黄酥20枚礼盒1000g 中秋月饼礼盒 手工特产糕点心 网红蛋糕面包曲奇饼干 下午茶休闲零食 团购送礼",59.90元,"京东超市
葡记 咸蛋黄酥20枚礼盒1000g 中秋月饼礼盒 手工特产糕点心 网红蛋糕面包曲奇饼干 下午茶休闲零食 团购送礼",葡记京东自营旗舰店
杏花楼中华老字号大伍仁月饼礼盒400g 中华老字号 中秋月饼礼盒 广式大五仁月饼酒香,112.10元,杏花楼中华老字号大伍仁月饼礼盒400g 中华老字号 中秋月饼礼盒 广式大五仁月饼酒香,杏花楼旗舰店
【流心奶黄】唐朴中秋港式流心奶黄月饼礼盒 中秋糕点礼盒广式冰皮网红企业团购6枚装360g,182.00元,【流心奶黄】唐朴中秋港式流心奶黄月饼礼盒 中秋糕点礼盒广式冰皮网红企业团购6枚装360g,唐朴旗舰店
悠享时 中秋节月饼礼盒 桃山奶黄流心月饼礼盒送礼佳品 中秋送礼佳品 绿豆糕礼盒 企业团购定制中秋礼品 中秋映月礼盒【流心+绿豆糕】,139.00元,悠享时 中秋节月饼礼盒 桃山奶黄流心月饼礼盒送礼佳品 中秋送礼佳品 绿豆糕礼盒 企业团购定制中秋礼品 中秋映月礼盒【流心+绿豆糕】,悠享时yotime旗舰店
"京东超市
北京稻香村 月饼礼盒 中秋节礼品 三禾尊礼965g（12饼10味）",299.00元,"京东超市
北京稻香村 月饼礼盒 中秋节礼品 三禾尊礼965g（12饼10味）",北京稻香村京东自营旗舰店
"京东超市
广州酒家 双黄纯白莲蓉月饼 广式月饼礼盒750g/盒 中秋送礼月饼员工团购福利手信礼盒",188.00元,"京东超市
广州酒家 双黄纯白莲蓉月饼 广式月饼礼盒750g/盒 中秋送礼月饼员工团购福利手信礼盒",广州酒家旗舰店
"京东超市
知味观中华老字号 椒盐馅8只 苏式酥皮月饼360g筒装 中秋送礼杭州特产散装馅饼",22.90元,"京东超市
知味观中华老字号 椒盐馅8只 苏式酥皮月饼360g筒装 中秋送礼杭州特产散装馅饼",知味观京东自营旗舰店
元祖 苏式月饼礼盒 花新月598g/盒 3味19饼 中秋节礼品,262.24元,元祖 苏式月饼礼盒 花新月598g/盒 3味19饼 中秋节礼品,元祖（GANSO）京东自营旗舰店
"京东超市
月饼 稻香村中秋月饼礼盒火腿豆沙广式月饼散装月饼家庭装760g",32.90元,"京东超市
月饼 稻香村中秋月饼礼盒火腿豆沙广式月饼散装月饼家庭装760g",稻香村自营专卖店
杏花楼 嫦娥铁盒月饼礼盒800g 中华老字号 中秋月饼礼盒 广式月饼,108.00元,杏花楼 嫦娥铁盒月饼礼盒800g 中华老字号 中秋月饼礼盒 广式月饼,杏花楼旗舰店
"京东超市
百草味 中秋月饼礼盒 中秋流心奶黄零食多口味盒装中秋礼盒礼品送礼 【广式+流心】对月吟诗礼盒400g",99.90元,"京东超市
百草味 中秋月饼礼盒 中秋流心奶黄零食多口味盒装中秋礼盒礼品送礼 【广式+流心】对月吟诗礼盒400g",百草味官方旗舰店
【嘉兴馆】五芳斋 月饼礼盒装广式蛋黄莲蓉豆沙五仁酱鸭双层竹篮720g中华老字号中秋大礼包企业团购福利,95.90元,【嘉兴馆】五芳斋 月饼礼盒装广式蛋黄莲蓉豆沙五仁酱鸭双层竹篮720g中华老字号中秋大礼包企业团购福利,中国特产·嘉兴馆
"京东超市
稻香村 月饼礼盒 双层中秋礼盒 稻香金礼1108g/盒 企业团购福利",109.00元,"京东超市
稻香村 月饼礼盒 双层中秋礼盒 稻香金礼1108g/盒 企业团购福利",源合斋京东自营旗舰店
诺梵夹心特产多口味中秋团圆巧克力月饼礼盒送礼悦来月好315g,99.00元,诺梵夹心特产多口味中秋团圆巧克力月饼礼盒送礼悦来月好315g,诺梵京东自营旗舰店
稻香村月饼礼盒中秋节广式月饼蛋黄莲蓉五仁多口味混合礼盒 金典稻香600g礼盒,39.90元,稻香村月饼礼盒中秋节广式月饼蛋黄莲蓉五仁多口味混合礼盒 金典稻香600g礼盒,馋神食品专营店
"京东超市
五芳斋 月饼礼盒 中秋礼品广式月饼礼盒装 中秋节送礼团购双蛋黄莲蓉流心奶黄五芳欢月礼盒550g",129.00元,"京东超市
五芳斋 月饼礼盒 中秋礼品广式月饼礼盒装 中秋节送礼团购双蛋黄莲蓉流心奶黄五芳欢月礼盒550g",五芳斋京东自营旗舰店
杏花楼花色提篮月饼礼盒1120g 中华老字号 中秋月饼礼盒 广式月饼 高档,258.00元,杏花楼花色提篮月饼礼盒1120g 中华老字号 中秋月饼礼盒 广式月饼 高档,杏花楼旗舰店
"京东超市
元朗 月饼礼盒 咸蛋黄白莲蓉 老广东广州港式中秋节送礼零食品520g",99.00元,"京东超市
元朗 月饼礼盒 咸蛋黄白莲蓉 老广东广州港式中秋节送礼零食品520g",元朗京东自营旗舰店
吴川金九月饼 广式手工五仁金腿中秋月饼礼盒送礼手信 五仁金腿礼盒500g(1斤),149.90元,吴川金九月饼 广式手工五仁金腿中秋月饼礼盒送礼手信 五仁金腿礼盒500g(1斤),邮政速递特产专营店
"京东超市
月饼 稻香村月饼礼盒中秋御礼1125g",329.00元,"京东超市
月饼 稻香村月饼礼盒中秋御礼1125g",稻香村自营官方旗舰店
"京东超市
荣华月饼 中秋送礼 广式清香蛋黄白莲蓉 六福礼盒 897g",109.00元,"京东超市
荣华月饼 中秋送礼 广式清香蛋黄白莲蓉 六福礼盒 897g",荣华月饼京东自营旗舰店
广州酒家月饼 中秋月饼礼盒 利口福广式双蛋黄白莲蓉豆沙月饼礼盒 企采团购送礼佳品 荣华富贵532.5克,138.00元,广州酒家月饼 中秋月饼礼盒 利口福广式双蛋黄白莲蓉豆沙月饼礼盒 企采团购送礼佳品 荣华富贵532.5克,东邮食品旗舰店
"京东超市
三只松鼠好物流心糯月礼月饼礼盒 中秋送礼传统糕点点心休闲零食480g",99.00元,"京东超市
三只松鼠好物流心糯月礼月饼礼盒 中秋送礼传统糕点点心休闲零食480g",三只松鼠京东自营旗舰店
"京东超市
广州酒家月饼 中秋月饼礼盒 利口福广式中秋月饼蛋黄果仁红豆沙 揽月礼盒650g(4个)",98.00元,"京东超市
广州酒家月饼 中秋月饼礼盒 利口福广式中秋月饼蛋黄果仁红豆沙 揽月礼盒650g(4个)",邮政速递特产专营店
杏花楼 特制玫瑰豆沙月饼礼盒800g 中华老字号 盒装月饼 广式,131.10元,杏花楼 特制玫瑰豆沙月饼礼盒800g 中华老字号 盒装月饼 广式,杏花楼旗舰店
"京东超市
广州酒家 低糖蛋黄月饼礼盒540g 莲蓉 豆沙 中秋月饼 广式月饼 送礼佳品",183.00元,"京东超市
广州酒家 低糖蛋黄月饼礼盒540g 莲蓉 豆沙 中秋月饼 广式月饼 送礼佳品",广州酒家京东自营旗舰店
"京东超市
月饼 华美广式双黄白莲蓉中秋月饼礼盒大礼包团购送礼 双黄白莲蓉680g",98.00元,"京东超市
月饼 华美广式双黄白莲蓉中秋月饼礼盒大礼包团购送礼 双黄白莲蓉680g",华美糕点自营旗舰店
"京东超市
五芳斋 月饼礼盒 中秋节月饼礼盒装 中秋礼品月饼糕点 五芳珑月中秋礼盒1020g",448.00元,"京东超市
五芳斋 月饼礼盒 中秋节月饼礼盒装 中秋礼品月饼糕点 五芳珑月中秋礼盒1020g",五芳斋京东自营旗舰店
"京东超市
五芳斋 月饼礼盒 中秋礼品糕点礼盒 五芳龙腾(珍享)月饼礼盒840克",168.00元,"京东超市
五芳斋 月饼礼盒 中秋礼品糕点礼盒 五芳龙腾(珍享)月饼礼盒840克",五芳斋京东自营旗舰店
"京东超市
五芳斋 月饼礼盒 中秋礼品团购广式月饼大礼包 双黄莲蓉等五芳韵味月饼礼盒680g",79.00元,"京东超市
五芳斋 月饼礼盒 中秋礼品团购广式月饼大礼包 双黄莲蓉等五芳韵味月饼礼盒680g",五芳斋京东自营旗舰店
杏花楼 月饼礼盒 七星伴月810g 广式月饼礼盒装中秋送礼 中华老字号上海特产 传统老式多口味,198.00元,杏花楼 月饼礼盒 七星伴月810g 广式月饼礼盒装中秋送礼 中华老字号上海特产 传统老式多口味,杏花楼京东自营旗舰店
"京东超市
五芳斋 中秋月饼礼盒装 五芳福满520g 竹篮款 广式月饼 企业团购",79.00元,"京东超市
五芳斋 中秋月饼礼盒装 五芳福满520g 竹篮款 广式月饼 企业团购",五芳斋京东自营旗舰店
"京东超市
五芳斋 月饼礼盒 中秋礼品糕点礼盒 五芳逸月月饼礼盒580g",108.00元,"京东超市
五芳斋 月饼礼盒 中秋礼品糕点礼盒 五芳逸月月饼礼盒580g",五芳斋京东自营旗舰店
【限时秒杀】月饼 华美月饼礼盒广式双黄蛋黄白莲蓉豆沙五仁多口味 企业团购中秋送礼 粤工坊双蛋黄白莲蓉720g,99.90元,【限时秒杀】月饼 华美月饼礼盒广式双黄蛋黄白莲蓉豆沙五仁多口味 企业团购中秋送礼 粤工坊双蛋黄白莲蓉720g,东邮食品旗舰店
"京东超市
月饼 华美蛋黄莲蓉中秋月饼礼盒880g(精装双层礼盒)",88.00元,"京东超市
月饼 华美蛋黄莲蓉中秋月饼礼盒880g(精装双层礼盒)",华美京东自营旗舰店
"京东超市
中国香港 美心（Meixin）金装彩月 港式月饼礼盒 420g",248.00元,"京东超市
中国香港 美心（Meixin）金装彩月 港式月饼礼盒 420g",美心京东自营旗舰店
元祖 月饼礼盒 花弄月 5味19饼 台式 中秋节礼品,271.04元,元祖 月饼礼盒 花弄月 5味19饼 台式 中秋节礼品,元祖（GANSO）京东自营旗舰店
"京东超市
五芳斋 月饼礼盒 中秋节月饼礼盒装 中秋礼品双蛋黄莲蓉豆沙金腿五仁奶黄糕点 情礼五芳中秋礼盒1100g",159.00元,"京东超市
五芳斋 月饼礼盒 中秋节月饼礼盒装 中秋礼品双蛋黄莲蓉豆沙金腿五仁奶黄糕点 情礼五芳中秋礼盒1100g",五芳斋京东自营旗舰店
"京东超市
广州酒家 七星伴月（心意版）792.5g 8个装 广式双黄莲蓉五仁豆沙月饼礼盒 中秋送礼糕点",218.00元,"京东超市
广州酒家 七星伴月（心意版）792.5g 8个装 广式双黄莲蓉五仁豆沙月饼礼盒 中秋送礼糕点",广州酒家京东自营旗舰店
"京东超市
广州酒家 双黄纯白莲蓉月饼650g 好事成双蛋黄月饼中秋送礼团购福利礼盒",168.00元,"京东超市
广州酒家 双黄纯白莲蓉月饼650g 好事成双蛋黄月饼中秋送礼团购福利礼盒",广州酒家旗舰店
喜来顺金秋祝福9味15饼传统糕点散装多口味广式老式蛋黄白莲蓉伍仁豆沙月饼送礼800克,29.80元,喜来顺金秋祝福9味15饼传统糕点散装多口味广式老式蛋黄白莲蓉伍仁豆沙月饼送礼800克,喜来顺京东自营旗舰店
月饼 久知味月饼礼盒装 10饼10味580克 竹篮子礼盒中秋节礼品广式月饼礼盒装,55.90元,月饼 久知味月饼礼盒装 10饼10味580克 竹篮子礼盒中秋节礼品广式月饼礼盒装,嘉兴特产专营店
杏花楼 特制玫瑰豆沙月饼礼盒800g 中华老字号 盒装月饼 广式,131.10元,杏花楼 特制玫瑰豆沙月饼礼盒800g 中华老字号 盒装月饼 广式,杏花楼旗舰店
"京东超市
月饼 东望洋澳门雅月双黄白莲蓉广式中秋月饼礼盒企业团购620g",39.90元,"京东超市
月饼 东望洋澳门雅月双黄白莲蓉广式中秋月饼礼盒企业团购620g",东望洋食品京东自营旗舰店
"京东超市
【旗舰店】月饼 华美月饼礼盒感恩礼双层竹篮730g中秋月饼酱鸭礼盒送人团购 双层竹篮礼盒",79.90元,"京东超市
【旗舰店】月饼 华美月饼礼盒感恩礼双层竹篮730g中秋月饼酱鸭礼盒送人团购 双层竹篮礼盒",华美食品官方旗舰店
北月湾蛋黄酥55g6个红豆味雪媚娘咸蛋黄酥饼干传统糕点点心网红休闲办公室零食中秋小吃330g,19.90元,北月湾蛋黄酥55g6个红豆味雪媚娘咸蛋黄酥饼干传统糕点点心网红休闲办公室零食中秋小吃330g,北月湾旗舰店
五芳斋 中秋节月饼礼盒 广式蛋黄莲蓉豆沙五仁巧克力月饼 企业团购员工福利佳节送礼 五芳礼玥礼盒620g,69.90元,五芳斋 中秋节月饼礼盒 广式蛋黄莲蓉豆沙五仁巧克力月饼 企业团购员工福利佳节送礼 五芳礼玥礼盒620g,五芳斋生鲜旗舰店
"京东超市
月饼东望洋620g双黄莲蓉企业团购广式中秋月饼礼盒",49.90元,"京东超市
月饼东望洋620g双黄莲蓉企业团购广式中秋月饼礼盒",东望洋食品京东自营旗舰店
唐朴中秋节月饼礼盒 桃山皮留心月饼糕点礼盒送礼佳品 企业团购送礼中秋礼品 中秋映月礼盒,156.00元,唐朴中秋节月饼礼盒 桃山皮留心月饼糕点礼盒送礼佳品 企业团购送礼中秋礼品 中秋映月礼盒,唐朴旗舰店
"京东超市
喜来顺清真金秋团圆7味15饼传统糕点散装多口味广式老式蛋黄白莲蓉伍仁豆沙送礼礼盒525克",18.80元,"京东超市
喜来顺清真金秋团圆7味15饼传统糕点散装多口味广式老式蛋黄白莲蓉伍仁豆沙送礼礼盒525克",喜来顺京东自营旗舰店
"京东超市
杏花楼 绿豆蓉月饼 广式月饼 中华老字号上海特产 中秋传统散装 100g",9.50元,"京东超市
杏花楼 绿豆蓉月饼 广式月饼 中华老字号上海特产 中秋传统散装 100g",杏花楼京东自营旗舰店
中华老字号昆明冠生园月饼云南特产云腿月饼80g*10个中秋滇式火腿月饼,59.90元,中华老字号昆明冠生园月饼云南特产云腿月饼80g*10个中秋滇式火腿月饼,梅花牌旗舰店
【买一送一】桃李月饼 提浆月饼散装1斤 中秋老式五仁黑芝麻紫苏籽椒盐枣泥什锦山楂多口味 中秋老式糕点 墙裂推荐-五仁500g【拍下送同款，发1000g】,39.80元,【买一送一】桃李月饼 提浆月饼散装1斤 中秋老式五仁黑芝麻紫苏籽椒盐枣泥什锦山楂多口味 中秋老式糕点 墙裂推荐-五仁500g【拍下送同款，发1000g】,桃李旗舰店
"京东超市
鹭珍 厦门特产蛋黄酥12枚装雪媚娘饼干蛋糕送礼早餐代餐面包网红休闲零食中秋小吃500g/箱",17.90元,"京东超市
鹭珍 厦门特产蛋黄酥12枚装雪媚娘饼干蛋糕送礼早餐代餐面包网红休闲零食中秋小吃500g/箱",鹭珍京东自营旗舰店
元朗 流心月饼礼盒 奶黄流沙蛋黄黑松露 广东广州港式中秋节高档送礼食品 流心奶黄300g,172.00元,元朗 流心月饼礼盒 奶黄流沙蛋黄黑松露 广东广州港式中秋节高档送礼食品 流心奶黄300g,元朗食品旗舰店
"京东超市
杏花楼 莲蓉月饼 广式月饼 中华老字号上海特产 中秋传统散装 100g",9.80元,"京东超市
杏花楼 莲蓉月饼 广式月饼 中华老字号上海特产 中秋传统散装 100g",杏花楼京东自营旗舰店
御茶膳房 糕点心月饼礼盒 吉祥烤点 中秋节送礼礼品大礼包北京特产零食点心 1100g,460.00元,御茶膳房 糕点心月饼礼盒 吉祥烤点 中秋节送礼礼品大礼包北京特产零食点心 1100g,御茶膳房（The Imperial Palace）京东自营旗舰店
"京东超市
御厨坊老北京五仁月饼零食饼干糕点面包广式稻香风味中华品质美名流传村村心动中秋节礼品礼盒散饼80g",11.90元,"京东超市
御厨坊老北京五仁月饼零食饼干糕点面包广式稻香风味中华品质美名流传村村心动中秋节礼品礼盒散饼80g",御厨坊官方京东自营旗舰店
"京东超市
杏花楼 月饼礼盒 臻四喜400g 广式月饼礼盒装中秋送礼 中华老字号上海特产 枣泥莲蓉果仁豆沙",99.90元,"京东超市
杏花楼 月饼礼盒 臻四喜400g 广式月饼礼盒装中秋送礼 中华老字号上海特产 枣泥莲蓉果仁豆沙",杏花楼京东自营旗舰店
"京东超市
元朗 月饼礼盒 水果豆沙咸蛋黄白莲蓉 中秋节广式广东送礼食品420g",55.60元,"京东超市
元朗 月饼礼盒 水果豆沙咸蛋黄白莲蓉 中秋节广式广东送礼食品420g",元朗京东自营旗舰店
鲜品屋 月饼礼盒装广式蛋黄莲蓉坚果仁月饼多口味中秋节企业团购 鲜品悦礼 895g,238.00元,鲜品屋 月饼礼盒装广式蛋黄莲蓉坚果仁月饼多口味中秋节企业团购 鲜品悦礼 895g,鲜品屋京东自营旗舰店
杏花楼 精装纸盒月饼礼盒800g 中华老字号 中秋月饼礼盒 广式月饼,92.00元,杏花楼 精装纸盒月饼礼盒800g 中华老字号 中秋月饼礼盒 广式月饼,杏花楼旗舰店
"京东超市
悠享时 中秋礼品糕点礼盒 荷花酥饼杭州传统点心礼盒 下午茶点休闲零食中秋自营礼盒 送礼佳品定制 荷花酥礼盒",159.00元,"京东超市
悠享时 中秋礼品糕点礼盒 荷花酥饼杭州传统点心礼盒 下午茶点休闲零食中秋自营礼盒 送礼佳品定制 荷花酥礼盒",YOTIME京东自营官方旗舰店
日月坊 月饼广式老五仁中秋手工饼黑芝麻休闲零食礼盒散装批发 五仁月饼500克（买两斤送一斤)传统手艺 还是那味,11.70元,日月坊 月饼广式老五仁中秋手工饼黑芝麻休闲零食礼盒散装批发 五仁月饼500克（买两斤送一斤)传统手艺 还是那味,辅堂食品专营店
五芳斋 中秋节月饼礼盒 广式蛋黄莲蓉豆沙五仁巧克力月饼 企业团购员工福利佳节送礼 五芳韵味680g,79.90元,五芳斋 中秋节月饼礼盒 广式蛋黄莲蓉豆沙五仁巧克力月饼 企业团购员工福利佳节送礼 五芳韵味680g,五芳斋生鲜旗舰店
杏花楼 上海特产广式月饼多口味月饼 五仁 豆沙 中秋节月饼散装100g经典散装莲蓉中华老字号 蛋黄莲蓉,10.80元,杏花楼 上海特产广式月饼多口味月饼 五仁 豆沙 中秋节月饼散装100g经典散装莲蓉中华老字号 蛋黄莲蓉,杏花楼旗舰店
诺梵夹心特产多口味中秋团圆巧克力月饼礼盒送礼悦来月好315g,99.00元,诺梵夹心特产多口味中秋团圆巧克力月饼礼盒送礼悦来月好315g,诺梵京东自营旗舰店
北京 稻香村 月饼礼盒 中秋节礼品月饼 团购送礼 京彩映象860g（12饼10味）,199.00元,北京 稻香村 月饼礼盒 中秋节礼品月饼 团购送礼 京彩映象860g（12饼10味）,北京稻香村官方旗舰店
北京稻香村糕点点心北京特产糕点月饼礼盒 中秋礼品中华老字号1800g,99.00元,北京稻香村糕点点心北京特产糕点月饼礼盒 中秋礼品中华老字号1800g,未来战士食品专营店
香港喜来顺 月饼礼盒中秋清真月饼枣泥豆沙蛋黄五仁老月饼广式莲蓉月饼 （必买）经典礼盒A款8饼480g,39.90元,香港喜来顺 月饼礼盒中秋清真月饼枣泥豆沙蛋黄五仁老月饼广式莲蓉月饼 （必买）经典礼盒A款8饼480g,佑远行食品专营店
"京东超市
华美 月饼礼盒蛋黄纯白莲蓉月饼/9枚中秋大礼包720g",118.00元,"京东超市
华美 月饼礼盒蛋黄纯白莲蓉月饼/9枚中秋大礼包720g",华美京东自营旗舰店
"京东超市
广州酒家 火山轻闲流心月饼礼盒400g 中秋月饼礼盒 松露菌汁 芝士流心 员工福利 中秋送礼",218.00元,"京东超市
广州酒家 火山轻闲流心月饼礼盒400g 中秋月饼礼盒 松露菌汁 芝士流心 员工福利 中秋送礼",广州酒家京东自营旗舰店
元朗荣华月饼礼盒 迷你七星伴月中秋月饼780g 香港品牌中秋节送礼品高端广式月饼礼盒,278.00元,元朗荣华月饼礼盒 迷你七星伴月中秋月饼780g 香港品牌中秋节送礼品高端广式月饼礼盒,元朗荣华京东自营专卖店
知味观 中华老字号 苏式月饼杭州特产馅饼椒盐百果味*2 中秋手工酥皮散装老式360g,32.90元,知味观 中华老字号 苏式月饼杭州特产馅饼椒盐百果味*2 中秋手工酥皮散装老式360g,知味观食品旗舰店
"京东超市
嘉华 月饼 云腿套装多口味800g 中秋送礼火腿月饼休闲零食云南地方特产美食伴手礼",85.00元,"京东超市
嘉华 月饼 云腿套装多口味800g 中秋送礼火腿月饼休闲零食云南地方特产美食伴手礼",云南嘉华食品旗舰店
"京东超市
广州酒家 七星伴月月饼礼盒810g 广式月饼中秋送礼团福利团购手信礼盒",261.00元,"京东超市
广州酒家 七星伴月月饼礼盒810g 广式月饼中秋送礼团福利团购手信礼盒",广州酒家旗舰店
知味观中华老字号 知味晓月精装款 月饼礼盒 流心奶黄广式蛋黄莲蓉苏式月饼 中秋大礼包 流心饼410g,89.90元,知味观中华老字号 知味晓月精装款 月饼礼盒 流心奶黄广式蛋黄莲蓉苏式月饼 中秋大礼包 流心饼410g,知味观食品旗舰店
悠享时 中秋月饼礼盒送礼佳品 雪媚娘奶黄流心蛋黄酥礼盒 传统苏式糕点蛋黄礼盒 中秋节礼品团购定制 圆满蛋黄酥礼盒,119.00元,悠享时 中秋月饼礼盒送礼佳品 雪媚娘奶黄流心蛋黄酥礼盒 传统苏式糕点蛋黄礼盒 中秋节礼品团购定制 圆满蛋黄酥礼盒,悠享时yotime旗舰店
诺梵多口味夹心月饼礼盒装中秋礼品团购月满福满315g,109.00元,诺梵多口味夹心月饼礼盒装中秋礼品团购月满福满315g,诺梵京东自营旗舰店
稻香村月饼礼盒中秋月饼中秋礼盒中秋礼品月饼五仁月饼老式月饼多口味传统糕点送礼福利团购优惠 稻香金月1020g,199.00元,稻香村月饼礼盒中秋月饼中秋礼盒中秋礼品月饼五仁月饼老式月饼多口味传统糕点送礼福利团购优惠 稻香金月1020g,地灵庄京东自营旗舰店
"京东超市
荣华月饼清香双黄纯白莲蓉月饼 广式中秋月饼 708g",129.00元,"京东超市
荣华月饼清香双黄纯白莲蓉月饼 广式中秋月饼 708g",荣华月饼京东自营旗舰店
"京东超市
月饼鲜品屋月饼礼盒锦绣花语660g(9饼9味)中秋节送礼大礼包",28.00元,"京东超市
月饼鲜品屋月饼礼盒锦绣花语660g(9饼9味)中秋节送礼大礼包",鲜品屋京东自营旗舰店
五芳斋 中秋节竹篮月饼礼盒装 广式蛋黄莲蓉月饼员工福利礼篮子福满欢沁 欢沁礼篮1110克（酱鸭绿豆糕）（双层）,159.90元,五芳斋 中秋节竹篮月饼礼盒装 广式蛋黄莲蓉月饼员工福利礼篮子福满欢沁 欢沁礼篮1110克（酱鸭绿豆糕）（双层）,五芳斋官方旗舰店
潘祥记云腿月饼8枚云南特产滇式火腿蛋黄月饼散装中秋礼盒送礼 云腿月饼50g*8个（送2个实发10个散装）,45.80元,潘祥记云腿月饼8枚云南特产滇式火腿蛋黄月饼散装中秋礼盒送礼 云腿月饼50g*8个（送2个实发10个散装）,蓬发食品专营店
鲜品屋 月饼礼盒装广式蛋黄莲蓉坚果仁月饼多口味中秋节企业团购 鲜品悦礼 895g,238.00元,鲜品屋 月饼礼盒装广式蛋黄莲蓉坚果仁月饼多口味中秋节企业团购 鲜品悦礼 895g,鲜品屋京东自营旗舰店
"京东超市
月饼 月饼礼盒 稻香村月饼高档三层铁盒蛋黄莲蓉流心奶黄蛋黄酥月饼中秋大礼包手提篮高档礼盒 稻香上品560g",69.90元,"京东超市
月饼 月饼礼盒 稻香村月饼高档三层铁盒蛋黄莲蓉流心奶黄蛋黄酥月饼中秋大礼包手提篮高档礼盒 稻香上品560g",五谷煮意京东自营旗舰店
"京东超市
知味观中华老字号 椒盐苏式月饼180g(4只装) 中秋苏式月饼传统糕点 月饼散装杭州特产酥皮椒盐",13.90元,"京东超市
知味观中华老字号 椒盐苏式月饼180g(4只装) 中秋苏式月饼传统糕点 月饼散装杭州特产酥皮椒盐",知味观京东自营旗舰店
元朗 蛋黄月饼 五仁双咸蛋黄白莲蓉火腿 散装老广东广州港式中秋节送礼品礼盒 双黄莲蓉150g (1个装),18.80元,元朗 蛋黄月饼 五仁双咸蛋黄白莲蓉火腿 散装老广东广州港式中秋节送礼品礼盒 双黄莲蓉150g (1个装),元朗食品旗舰店
杏花楼 上海特产广式月饼多口味月饼 五仁 豆沙 中秋节月饼散装100g经典散装莲蓉中华老字号 莲蓉,9.80元,杏花楼 上海特产广式月饼多口味月饼 五仁 豆沙 中秋节月饼散装100g经典散装莲蓉中华老字号 莲蓉,杏花楼旗舰店
"京东超市
稻香村月饼苏式五仁月饼豆沙椒盐酥皮传统老式多口味中秋送礼400g",39.90元,"京东超市
稻香村月饼苏式五仁月饼豆沙椒盐酥皮传统老式多口味中秋送礼400g",雨多田光旗舰店
唐朴中秋节月饼礼盒 桃山皮留心月饼糕点礼盒送礼佳品 企业团购送礼中秋礼品 中秋映月礼盒,156.00元,唐朴中秋节月饼礼盒 桃山皮留心月饼糕点礼盒送礼佳品 企业团购送礼中秋礼品 中秋映月礼盒,唐朴旗舰店
悠享时 中秋礼盒送礼佳品 休闲零食大礼包一整箱双层糕点礼盒 自营点心礼盒雪媚娘流心礼盒 定制团购 一点心意礼盒,159.00元,悠享时 中秋礼盒送礼佳品 休闲零食大礼包一整箱双层糕点礼盒 自营点心礼盒雪媚娘流心礼盒 定制团购 一点心意礼盒,YOTIME京东自营官方旗舰店
【第二件3折】广州酒家月饼 广式月饼 纯白莲蓉蛋黄月饼 中秋月饼礼盒团购送礼,136.00元,【第二件3折】广州酒家月饼 广式月饼 纯白莲蓉蛋黄月饼 中秋月饼礼盒团购送礼,广州酒家久众专卖店
稻香村苏式月饼豆沙椒盐酥皮五仁月饼散装糕点零食中秋节送礼特产 【经典口味】苏式五仁310g*1卷,15.90元,稻香村苏式月饼豆沙椒盐酥皮五仁月饼散装糕点零食中秋节送礼特产 【经典口味】苏式五仁310g*1卷,稻香村工坊旗舰店
Hibake谢小方系列月饼礼盒装蛋黄莲蓉流心苏式月饼送礼广式中秋节月饼团购 【玉兔邀月】6饼4味,119.90元,Hibake谢小方系列月饼礼盒装蛋黄莲蓉流心苏式月饼送礼广式中秋节月饼团购 【玉兔邀月】6饼4味,hibake官方旗舰店
"京东超市
潘祥记云腿月饼云南宣威火腿滇式中秋酥皮月饼 云腿月饼50g*10个盒装",49.90元,"京东超市
潘祥记云腿月饼云南宣威火腿滇式中秋酥皮月饼 云腿月饼50g*10个盒装",潘祥记京东自营旗舰店
月饼 月饼礼盒 丹谊月饼中秋节月饼礼盒送礼福利 月满家园520g,79.90元,月饼 月饼礼盒 丹谊月饼中秋节月饼礼盒送礼福利 月满家园520g,五谷煮意京东自营旗舰店
"京东超市
御茶膳房 中秋节礼盒 南五仁月饼 苏式火腿月饼酥皮 企业团购定制送礼品 240g",119.00元,"京东超市
御茶膳房 中秋节礼盒 南五仁月饼 苏式火腿月饼酥皮 企业团购定制送礼品 240g",御茶膳房（The Imperial Palace）京东自营旗舰店
"京东超市
北京 稻香村 五仁散装 传统广式月饼110g",18.00元,"京东超市
北京 稻香村 五仁散装 传统广式月饼110g",北京稻香村京东自营旗舰店
月饼礼盒 稻香村广式月饼礼盒散装蛋黄莲蓉五仁豆沙月饼中秋节礼盒企业团购礼品 迷你15枚礼盒装（约520g）,29.90元,月饼礼盒 稻香村广式月饼礼盒散装蛋黄莲蓉五仁豆沙月饼中秋节礼盒企业团购礼品 迷你15枚礼盒装（约520g）,食光光食品旗舰店
日月坊老五仁月饼传统中秋手工老式月饼木糖醇广式黑芝麻椒盐花生冰糖玫瑰苏子水晶五仁散装礼盒批发 经典五仁500克（拍2送1）,11.90元,日月坊老五仁月饼传统中秋手工老式月饼木糖醇广式黑芝麻椒盐花生冰糖玫瑰苏子水晶五仁散装礼盒批发 经典五仁500克（拍2送1）,山行食品专营店
稻香村月饼礼盒蛋黄莲蓉五仁中秋月饼中秋月饼礼盒中秋礼品公司团购礼品员工福利 皇家御品1180g,208.00元,稻香村月饼礼盒蛋黄莲蓉五仁中秋月饼中秋月饼礼盒中秋礼品公司团购礼品员工福利 皇家御品1180g,天灵庄京东自营旗舰店
五芳斋 月饼礼盒（双层） 中秋礼品月饼糕点双蛋黄莲蓉 五芳喜庆月饼礼盒920g,139.00元,五芳斋 月饼礼盒（双层） 中秋礼品月饼糕点双蛋黄莲蓉 五芳喜庆月饼礼盒920g,五芳斋京东自营旗舰店
"京东超市
广州酒家利口福 月饼礼盒 团圆有味 双黄莲蓉五仁红豆沙蛋黄黑芝麻月饼690g",198.00元,"京东超市
广州酒家利口福 月饼礼盒 团圆有味 双黄莲蓉五仁红豆沙蛋黄黑芝麻月饼690g",广州酒家京东自营旗舰店
日月坊木糖醇月饼无糖精五仁广式月饼 老式五仁月饼500g【木糖醇】糖友代餐,15.70元,日月坊木糖醇月饼无糖精五仁广式月饼 老式五仁月饼500g【木糖醇】糖友代餐,辅堂食品专营店
"京东超市
月饼 稻香村月饼礼盒400g老月饼 平安佳礼",24.90元,"京东超市
月饼 稻香村月饼礼盒400g老月饼 平安佳礼",京东自营月饼活动专区
【领券更优惠】可味巧克力月饼礼盒多重口味中秋送礼可定制团购300克无蔗糖广式佳节送礼盒装 巧克力礼盒装*8,168.00元,【领券更优惠】可味巧克力月饼礼盒多重口味中秋送礼可定制团购300克无蔗糖广式佳节送礼盒装 巧克力礼盒装*8,可味巧克力旗舰店
杏花楼 上海特产广式月饼多口味月饼 五仁 豆沙 中秋节月饼散装100g经典散装莲蓉中华老字号 玫瑰豆沙,9.50元,杏花楼 上海特产广式月饼多口味月饼 五仁 豆沙 中秋节月饼散装100g经典散装莲蓉中华老字号 玫瑰豆沙,杏花楼旗舰店
唐朴 广式中秋月饼礼盒装多口味流心月饼蛋黄企业团购定制中秋礼盒网红8粒装,246.00元,唐朴 广式中秋月饼礼盒装多口味流心月饼蛋黄企业团购定制中秋礼盒网红8粒装,唐朴旗舰店
"京东超市
吉庆祥 中华老字号 中秋月饼传统糕点心 云腿月饼50g*10枚散装",39.90元,"京东超市
吉庆祥 中华老字号 中秋月饼传统糕点心 云腿月饼50g*10枚散装",吉庆祥京东自营旗舰店
元祖月饼 流心奶黄月饼 伴手礼 礼盒 中秋送礼 12饼 花皓月,253.44元,元祖月饼 流心奶黄月饼 伴手礼 礼盒 中秋送礼 12饼 花皓月,元祖旗舰店
元祖 中秋月饼礼盒 雪月饼 4味12饼 冰淇淋月饼中秋节礼品 顺丰速送,280.72元,元祖 中秋月饼礼盒 雪月饼 4味12饼 冰淇淋月饼中秋节礼品 顺丰速送,元祖京东自营旗舰店
月饼礼盒 鲜品屋蛋黄莲蓉坚果仁月饼中秋节团购送礼大礼包 月饼礼盒 1025g,59.90元,月饼礼盒 鲜品屋蛋黄莲蓉坚果仁月饼中秋节团购送礼大礼包 月饼礼盒 1025g,臻味生鲜专营店
【月饼礼盒】西瓜味的童话月饼礼盒团购 广式月饼莲蓉蛋黄月饼礼盒水果豆沙黑芝麻多种口味 15.9限购1件！【清新手提礼盒】480克6饼4味,23.90元,【月饼礼盒】西瓜味的童话月饼礼盒团购 广式月饼莲蓉蛋黄月饼礼盒水果豆沙黑芝麻多种口味 15.9限购1件！【清新手提礼盒】480克6饼4味,西瓜味的童话旗舰店
御茶膳房月饼礼盒装京式五仁黑松露蛋黄莲蓉豆沙枣泥核桃奶黄馅月饼送礼多口味高档送人中秋节礼品 典乐汉唐（正）,588.00元,御茶膳房月饼礼盒装京式五仁黑松露蛋黄莲蓉豆沙枣泥核桃奶黄馅月饼送礼多口味高档送人中秋节礼品 典乐汉唐（正）,御茶膳房官方旗舰店
"京东超市
【实物】稻香村月饼礼盒 中秋礼品中秋节月饼大礼包 中秋礼盒提货券 皇家御品1180g",208.00元,"京东超市
【实物】稻香村月饼礼盒 中秋礼品中秋节月饼大礼包 中秋礼盒提货券 皇家御品1180g",果安美京东自营旗舰店
功德林【上等五仁月饼】8只X80g 中秋苏式手工酥皮散装月饼 素食糕点 上海特产 中华老字号 上等五仁 8只装,81.00元,功德林【上等五仁月饼】8只X80g 中秋苏式手工酥皮散装月饼 素食糕点 上海特产 中华老字号 上等五仁 8只装,功德林官方旗舰店
一品粤广式传统月饼礼盒 白莲蓉蛋黄五仁豆沙奶黄流心月饼 中秋送礼佳品点心小吃休闲零食团购 【中秋好礼礼盒·蛋黄莲蓉】4饼432克,39.90元,一品粤广式传统月饼礼盒 白莲蓉蛋黄五仁豆沙奶黄流心月饼 中秋送礼佳品点心小吃休闲零食团购 【中秋好礼礼盒·蛋黄莲蓉】4饼432克,珠江食品旗舰店
广州酒家月饼礼盒多口味蛋黄纯白莲蓉月饼广式豆沙月饼中秋礼盒装送礼,156.00元,广州酒家月饼礼盒多口味蛋黄纯白莲蓉月饼广式豆沙月饼中秋礼盒装送礼,广州酒家久众专卖店
"京东超市
悠享时 中秋月饼礼盒 苏式月饼 蛋黄酥 中秋礼品 广式奶黄流心月饼礼盒装 送礼佳品 团购定制中秋礼盒 中秋集锦礼盒455g",139.00元,"京东超市
悠享时 中秋月饼礼盒 苏式月饼 蛋黄酥 中秋礼品 广式奶黄流心月饼礼盒装 送礼佳品 团购定制中秋礼盒 中秋集锦礼盒455g",悠享时yotime旗舰店
御茶膳房中秋节五仁团圆大月饼广式莲蓉蛋黄礼盒高档送礼品提篮多口味组合大礼包天圆蓝(正)3900g,2600.00元,御茶膳房中秋节五仁团圆大月饼广式莲蓉蛋黄礼盒高档送礼品提篮多口味组合大礼包天圆蓝(正)3900g,御茶膳房（The Imperial Palace）京东自营旗舰店
"京东超市
【金九旗舰店】金九月饼伍仁金腿大饼 湛江特色广式吴川中秋五仁月饼礼盒3斤1500g",319.00元,"京东超市
【金九旗舰店】金九月饼伍仁金腿大饼 湛江特色广式吴川中秋五仁月饼礼盒3斤1500g",金九月饼旗舰店
"京东超市
广州酒家月饼双黄纯白莲蓉月饼750g中秋月饼礼盒 广式蛋黄月饼企业团购送礼 双黄纯白莲蓉750g",173.00元,"京东超市
广州酒家月饼双黄纯白莲蓉月饼750g中秋月饼礼盒 广式蛋黄月饼企业团购送礼 双黄纯白莲蓉750g",邮政速递特产专营店
【全国通用】元祖月饼提货券 月饼券 中秋节礼品卡券 通兑礼券提货劵高端月饼票 208型花伴月提货券,183.04元,【全国通用】元祖月饼提货券 月饼券 中秋节礼品卡券 通兑礼券提货劵高端月饼票 208型花伴月提货券,元祖旗舰店
"京东超市
迪士尼（Disney）快乐梦幻中秋月饼礼盒 零食糕点送礼企业团购360g",169.00元,"京东超市
迪士尼（Disney）快乐梦幻中秋月饼礼盒 零食糕点送礼企业团购360g",六合信（hopes）京东自营旗舰店
"京东超市
稻香村月饼礼盒蛋黄五仁月饼中秋礼盒中秋月饼中秋礼品公司福利员工福利团购优惠 皇家御品1180g",189.00元,"京东超市
稻香村月饼礼盒蛋黄五仁月饼中秋礼盒中秋月饼中秋礼品公司福利员工福利团购优惠 皇家御品1180g",中颐荟食品旗舰店
【礼券】中粮大礼包 中秋月饼券粮油月饼礼盒五谷杂粮礼盒提货券兑换券粮油米面礼品卡券 欣享生活188,188.00元,【礼券】中粮大礼包 中秋月饼券粮油月饼礼盒五谷杂粮礼盒提货券兑换券粮油米面礼品卡券 欣享生活188,京福通京东自营旗舰店
"京东超市
悠享时 中秋节礼盒 五仁月饼 蛋黄奶黄流心月饼广式月饼 中秋月饼礼盒 中秋礼盒送礼佳品 企业团购定制 中秋满月礼盒450g",129.00元,"京东超市
悠享时 中秋节礼盒 五仁月饼 蛋黄奶黄流心月饼广式月饼 中秋月饼礼盒 中秋礼盒送礼佳品 企业团购定制 中秋满月礼盒450g",悠享时yotime旗舰店
"京东超市
昆明冠生园梅花牌中华老字号云腿月饼滇式火腿酥饼中秋送礼团购礼盒 云巅美品有礼500g",49.90元,"京东超市
昆明冠生园梅花牌中华老字号云腿月饼滇式火腿酥饼中秋送礼团购礼盒 云巅美品有礼500g",梅花牌京东自营旗舰店
"京东超市
元朗荣华 高端月饼礼盒 经典口味 蛋黄白莲蓉 蛋黄芝麻核桃红豆 金翡翠 紫薯 红豆花色礼月 470g",188.00元,"京东超市
元朗荣华 高端月饼礼盒 经典口味 蛋黄白莲蓉 蛋黄芝麻核桃红豆 金翡翠 紫薯 红豆花色礼月 470g",元朗荣华京东自营旗舰店
稻香村月饼礼盒中秋月饼五仁月饼广式老式豆沙五仁中秋礼盒蛋黄莲蓉多口味传统糕点团购福利中秋礼品 皇家御品1180g,208.00元,稻香村月饼礼盒中秋月饼五仁月饼广式老式豆沙五仁中秋礼盒蛋黄莲蓉多口味传统糕点团购福利中秋礼品 皇家御品1180g,金尊卡京东自营食品旗舰店
一品粤 广式蛋黄莲蓉豆沙五仁月饼礼盒 奶黄流心老式月饼散装蔓越莓椰丝饼 中秋礼品手信糕点点心广东精准 蛋黄莲蓉125g*1,12.90元,一品粤 广式蛋黄莲蓉豆沙五仁月饼礼盒 奶黄流心老式月饼散装蔓越莓椰丝饼 中秋礼品手信糕点点心广东精准 蛋黄莲蓉125g*1,珠江食品旗舰店
月饼 稻香村月饼礼盒 稻香韵月800g双层竹篮,159.00元,月饼 稻香村月饼礼盒 稻香韵月800g双层竹篮,亲别找啦京东自营旗舰店
广式双黄纯白莲蓉板栗多口味无蔗糖木糖醇咸蛋黄大个月饼散装老式金火腿五仁红豆沙馅中秋节礼盒装送礼品团购 4个132g双黄莲蓉大共528g (独立,32.80元,广式双黄纯白莲蓉板栗多口味无蔗糖木糖醇咸蛋黄大个月饼散装老式金火腿五仁红豆沙馅中秋节礼盒装送礼品团购 4个132g双黄莲蓉大共528g (独立,儿时指印食品官方旗舰店
月饼鲜品屋月饼礼盒660g（9饼9味）中秋节送礼大礼包广式苏式蛋黄莲蓉月饼礼盒,39.90元,月饼鲜品屋月饼礼盒660g（9饼9味）中秋节送礼大礼包广式苏式蛋黄莲蓉月饼礼盒,鲜品屋食品京东自营旗舰店
"京东超市
元朗荣华 月饼礼盒 流心奶黄低糖蛋黄白莲蓉 雪糯 蛋黄白莲蓉红豆金翡翠白莲蓉 绚彩华月 920g",358.00元,"京东超市
元朗荣华 月饼礼盒 流心奶黄低糖蛋黄白莲蓉 雪糯 蛋黄白莲蓉红豆金翡翠白莲蓉 绚彩华月 920g",元朗荣华京东自营旗舰店
杏花楼 杏福美满新品月饼礼盒 广式中秋送礼上海糕点食品中华老字号,188.00元,杏花楼 杏福美满新品月饼礼盒 广式中秋送礼上海糕点食品中华老字号,杏花楼旗舰店
"京东超市
陶陶居双黄白莲蓉月饼礼盒720g广州蛋黄红莲蓉酒家节日送礼",190.00元,"京东超市
陶陶居双黄白莲蓉月饼礼盒720g广州蛋黄红莲蓉酒家节日送礼",陶陶居品牌京东自营旗舰店
御茶膳房高端月饼礼盒中秋节礼品广式五仁莲蓉蛋黄豆沙火腿豆沙椰蓉双层铁盒大企业定制团购送礼高档礼物 花团锦簇（正）,368.00元,御茶膳房高端月饼礼盒中秋节礼品广式五仁莲蓉蛋黄豆沙火腿豆沙椰蓉双层铁盒大企业定制团购送礼高档礼物 花团锦簇（正）,御茶膳房官方旗舰店
"京东超市
悠享时 中秋节礼品高端月饼礼盒自营 桃山流心月饼广式月饼 果酒本格梅酒 荒山红茶叶礼盒定制团购 金秋尊礼",399.00元,"京东超市
悠享时 中秋节礼品高端月饼礼盒自营 桃山流心月饼广式月饼 果酒本格梅酒 荒山红茶叶礼盒定制团购 金秋尊礼",YOTIME京东自营官方旗舰店
"京东超市
【金九旗舰店】金九月饼蛋黄白莲蓉月饼 广式吴川中秋月饼礼盒700g",128.00元,"京东超市
【金九旗舰店】金九月饼蛋黄白莲蓉月饼 广式吴川中秋月饼礼盒700g",金九月饼旗舰店
金九月饼 金九五仁月饼礼盒装 五仁金腿大饼 广式吴川中秋伍仁月饼礼盒2斤(1000g*1),228.00元,金九月饼 金九五仁月饼礼盒装 五仁金腿大饼 广式吴川中秋伍仁月饼礼盒2斤(1000g*1),金九智慧联盟专卖店
稻香村无糖精月饼礼盒糖醇月饼糖醇糖尿病人点心月饼礼盒 糖醇华礼960g【双层礼盒 配手提袋】,188.00元,稻香村无糖精月饼礼盒糖醇月饼糖醇糖尿病人点心月饼礼盒 糖醇华礼960g【双层礼盒 配手提袋】,万香阁京东自营旗舰店
"京东超市
稻香村月饼礼盒蛋黄五仁月饼中秋礼盒中秋月饼中秋礼品公司福利员工福利团购优惠 御品华礼1160g",188.00元,"京东超市
稻香村月饼礼盒蛋黄五仁月饼中秋礼盒中秋月饼中秋礼品公司福利员工福利团购优惠 御品华礼1160g",中颐荟食品旗舰店
悠享时 奶茶月饼礼盒 水果月饼中秋礼盒 网红中秋月饼礼盒 桃山雪媚娘流心月饼 中秋礼送礼佳品团购定制 奶茶礼盒298g,99.00元,悠享时 奶茶月饼礼盒 水果月饼中秋礼盒 网红中秋月饼礼盒 桃山雪媚娘流心月饼 中秋礼送礼佳品团购定制 奶茶礼盒298g,悠享时yotime旗舰店
"京东超市
朕的心意故宫食品 中秋月饼礼盒 锦盒棠华 350g",368.00元,"京东超市
朕的心意故宫食品 中秋月饼礼盒 锦盒棠华 350g",朕的心意故宫食品京东自营旗舰店
御茶膳房中秋月饼广式蛋黄莲蓉京式五仁豆沙馅多口味礼盒包装高档礼品送礼双层企业团购定制 龙镇九州（协）,398.00元,御茶膳房中秋月饼广式蛋黄莲蓉京式五仁豆沙馅多口味礼盒包装高档礼品送礼双层企业团购定制 龙镇九州（协）,御茶膳房官方旗舰店
"京东超市
月饼 稻香村上品官礼中秋月饼礼盒880g",320.00元,"京东超市
月饼 稻香村上品官礼中秋月饼礼盒880g",稻香村自营官方旗舰店
"京东超市
北京稻香村 月饼礼盒 中秋节礼品 京秋颂福705g（10饼8味）",169.00元,"京东超市
北京稻香村 月饼礼盒 中秋节礼品 京秋颂福705g（10饼8味）",北京稻香村京东自营旗舰店
"京东超市
朕的心意故宫食品 中秋月饼礼盒 广式莲蓉蛋黄红豆沙五仁 锦盒吉丽 350g",368.00元,"京东超市
朕的心意故宫食品 中秋月饼礼盒 广式莲蓉蛋黄红豆沙五仁 锦盒吉丽 350g",朕的心意故宫食品京东自营旗舰店
元祖 广式月饼礼盒 花醉月 5味13饼 中秋节礼品,297.44元,元祖 广式月饼礼盒 花醉月 5味13饼 中秋节礼品,元祖（GANSO）京东自营旗舰店
"京东超市
华美 蛋黄酥960g 传统糕点中秋月饼礼盒60g*16枚雪媚娘饼干蛋糕早餐面包休闲食品团购送礼",53.90元,"京东超市
华美 蛋黄酥960g 传统糕点中秋月饼礼盒60g*16枚雪媚娘饼干蛋糕早餐面包休闲食品团购送礼",华美京东自营旗舰店
"京东超市
陶陶居低糖享悦月饼礼盒720g广州低糖蛋黄白莲蓉酒家节日送礼团购",170.00元,"京东超市
陶陶居低糖享悦月饼礼盒720g广州低糖蛋黄白莲蓉酒家节日送礼团购",陶陶居品牌京东自营旗舰店
"京东超市
【金九旗舰店】金九月饼五仁叉烧月饼礼盒 广式吴川五仁叉烧中秋月饼1500g",299.00元,"京东超市
【金九旗舰店】金九月饼五仁叉烧月饼礼盒 广式吴川五仁叉烧中秋月饼1500g",金九月饼旗舰店
广式五仁月饼1000g老式手工中秋软皮豆沙月饼散装 多口味礼盒装 精品五仁【1斤6个】,14.90元,广式五仁月饼1000g老式手工中秋软皮豆沙月饼散装 多口味礼盒装 精品五仁【1斤6个】,书哲休闲食品专营店
"京东超市
米旗（Maky）月饼 玫瑰红豆沙月饼1粒装",6.00元,"京东超市
米旗（Maky）月饼 玫瑰红豆沙月饼1粒装",米旗京东自营旗舰店
潘祥记云腿月饼云南特产滇式火腿小饼,45.80元,潘祥记云腿月饼云南特产滇式火腿小饼,蓬发食品专营店
稻香村月饼礼盒中秋月饼中秋礼盒中秋礼品月饼五仁月饼老式月饼多口味传统糕点送礼福利团购优惠 稻香华礼1020g,199.00元,稻香村月饼礼盒中秋月饼中秋礼盒中秋礼品月饼五仁月饼老式月饼多口味传统糕点送礼福利团购优惠 稻香华礼1020g,地灵庄京东自营旗舰店
【团购定制】广式月饼礼盒 西瓜味的童话中秋月饼蛋黄莲蓉五仁黑芝麻豆沙水果多口味广式整箱批发 【团购推荐】清新手提礼盒【480克6饼4,22.90元,【团购定制】广式月饼礼盒 西瓜味的童话中秋月饼蛋黄莲蓉五仁黑芝麻豆沙水果多口味广式整箱批发 【团购推荐】清新手提礼盒【480克6饼4,卜珂食品专营店
"京东超市
荣华（ronghua）双黄白莲蓉月饼708g礼盒4个装经典广式月饼中秋送礼员工团购福利手信礼盒",129.00元,"京东超市
荣华（ronghua）双黄白莲蓉月饼708g礼盒4个装经典广式月饼中秋送礼员工团购福利手信礼盒",荣华食品京东自营旗舰店
"京东超市
澳门葡记 榴莲流心月饼8枚装 400g中秋礼盒 港式风味传统 特产小吃 休闲零食 团购送礼",198.00元,"京东超市
澳门葡记 榴莲流心月饼8枚装 400g中秋礼盒 港式风味传统 特产小吃 休闲零食 团购送礼",葡记京东自营旗舰店
"京东超市
诺梵绾月巧克力夹心月饼团圆多口味糕点中秋月礼盒装礼品280g",138.00元,"京东超市
诺梵绾月巧克力夹心月饼团圆多口味糕点中秋月礼盒装礼品280g",诺梵京东自营旗舰店
悠享时 9味星球酥礼盒585g,159.00元,悠享时 9味星球酥礼盒585g,YOTIME京东自营官方旗舰店
"京东超市
中粮福临门大礼包月饼礼盒中秋礼盒中秋礼品节日送礼中秋月饼杂粮坚果米面油组合团购优惠中秋礼盒 富贵良选3714g+400ml",138.00元,"京东超市
中粮福临门大礼包月饼礼盒中秋礼盒中秋礼品节日送礼中秋月饼杂粮坚果米面油组合团购优惠中秋礼盒 富贵良选3714g+400ml",金尊卡京东自营食品旗舰店
"京东超市
月饼 稻香村姑苏臻礼中秋月饼礼盒880g",438.00元,"京东超市
月饼 稻香村姑苏臻礼中秋月饼礼盒880g",稻香村自营官方旗舰店
"京东超市
月饼 月饼礼盒 稻香村月饼8饼组合蛋黄莲蓉五仁豆沙月饼中秋节礼品 稻香金秋400g",28.90元,"京东超市
月饼 月饼礼盒 稻香村月饼8饼组合蛋黄莲蓉五仁豆沙月饼中秋节礼品 稻香金秋400g",丹谊京东自营旗舰店
"京东超市
月饼礼盒 金尊 鸿福盛礼4味12饼1050g双黄莲蓉中秋节送礼广式月饼企业团购员工福利",89.00元,"京东超市
月饼礼盒 金尊 鸿福盛礼4味12饼1050g双黄莲蓉中秋节送礼广式月饼企业团购员工福利",金尊京东自营旗舰店
月饼礼盒 莲香楼 蛋黄纯正白莲蓉中秋节广式月饼4饼750g铁罐装中华老字号企业团购员工福利,163.00元,月饼礼盒 莲香楼 蛋黄纯正白莲蓉中秋节广式月饼4饼750g铁罐装中华老字号企业团购员工福利,莲香楼京东自营专区
诺梵中秋巧克力夹心月饼送礼荷风桂语315g,138.00元,诺梵中秋巧克力夹心月饼送礼荷风桂语315g,诺梵京东自营旗舰店
"京东超市
【冷链配送】悠享时 中秋月饼礼盒 榴莲冰皮月饼自营 马卡龙水果月饼 冰皮流心 中秋礼品 送礼佳品 马卡龙礼盒408g【冰皮*6+马卡龙*6】",229.00元,"京东超市
【冷链配送】悠享时 中秋月饼礼盒 榴莲冰皮月饼自营 马卡龙水果月饼 冰皮流心 中秋礼品 送礼佳品 马卡龙礼盒408g【冰皮*6+马卡龙*6】",YOTIME京东自营官方旗舰店
中粮香雪月饼中秋月饼节日送礼月饼礼盒装幸福回味-月饼礼盒6块装445g,118.00元,中粮香雪月饼中秋月饼节日送礼月饼礼盒装幸福回味-月饼礼盒6块装445g,中粮香雪（COFCOXIANGXUE）京东自营旗舰店
元朗 月饼礼盒 中秋节广东广州港式水果豆沙咸蛋黄白莲蓉 低糖送礼长辈食品 金秋和趣460g（6饼3味）,58.80元,元朗 月饼礼盒 中秋节广东广州港式水果豆沙咸蛋黄白莲蓉 低糖送礼长辈食品 金秋和趣460g（6饼3味）,元朗食品旗舰店
【团购更优惠】广州酒家月饼礼盒装 中秋大礼包广式月饼蛋黄白莲蓉铁盒利口福团购送礼 广州酒家月团圆540g,138.00元,【团购更优惠】广州酒家月饼礼盒装 中秋大礼包广式月饼蛋黄白莲蓉铁盒利口福团购送礼 广州酒家月团圆540g,广州酒家利口福久众专卖店
诺梵中秋节巧克力月饼礼盒装多口味广式非冰皮月饼礼品散装团购 私秋佳语-九枚礼盒装,99.00元,诺梵中秋节巧克力月饼礼盒装多口味广式非冰皮月饼礼品散装团购 私秋佳语-九枚礼盒装,诺梵官方旗舰店
诺梵多口味夹心月饼礼盒装中秋礼品团购月满福满315g,109.00元,诺梵多口味夹心月饼礼盒装中秋礼品团购月满福满315g,诺梵京东自营旗舰店
"京东超市
中粮福临门大礼包中秋月饼礼盒中秋礼盒中秋礼品中秋节月饼杂粮坚果米面油组合装公司福利员工福利团购优惠 富贵品选4026g+700ml",158.00元,"京东超市
中粮福临门大礼包中秋月饼礼盒中秋礼盒中秋礼品中秋节月饼杂粮坚果米面油组合装公司福利员工福利团购优惠 富贵品选4026g+700ml",中颐荟食品旗舰店
"京东超市
御茶膳房高端月饼礼盒中秋节礼品广式五仁莲蓉蛋黄豆沙多口味组合大礼包企业团购送礼礼物 御黄（从）",168.00元,"京东超市
御茶膳房高端月饼礼盒中秋节礼品广式五仁莲蓉蛋黄豆沙多口味组合大礼包企业团购送礼礼物 御黄（从）",御茶膳房官方旗舰店
"京东国际
【现货】中国香港港版美心月饼流心奶黄月饼礼盒 港式流沙蛋黄奶黄中秋礼品送礼手信伴手礼团购360g",348.00元,"京东国际
【现货】中国香港港版美心月饼流心奶黄月饼礼盒 港式流沙蛋黄奶黄中秋礼品送礼手信伴手礼团购360g",美心海外官方旗舰店
功德林 【功德金秋礼盒】648克中秋月饼礼盒 苏式酥皮月饼礼盒团购 中华老字号上海特产,90.00元,功德林 【功德金秋礼盒】648克中秋月饼礼盒 苏式酥皮月饼礼盒团购 中华老字号上海特产,功德林官方旗舰店
【嘉兴馆】五芳斋 月饼礼盒装 中华老字号广式蛋黄莲蓉五仁豆沙9饼9味450g中秋送礼品企业福利团购,59.90元,【嘉兴馆】五芳斋 月饼礼盒装 中华老字号广式蛋黄莲蓉五仁豆沙9饼9味450g中秋送礼品企业福利团购,中国特产·嘉兴馆
元朗荣华月饼 中秋月饼礼盒双蛋黄白莲蓉企业团购送礼佳品 【现货】双黄白莲蓉月饼740g【1味4饼】,198.00元,元朗荣华月饼 中秋月饼礼盒双蛋黄白莲蓉企业团购送礼佳品 【现货】双黄白莲蓉月饼740g【1味4饼】,东邮食品旗舰店
【团购更优惠】广州酒家月饼礼盒装 中秋广式月饼蛋黄白莲蓉铁盒利口福中秋团购 家团圆6饼3味460g(日期新鲜）,121.00元,【团购更优惠】广州酒家月饼礼盒装 中秋广式月饼蛋黄白莲蓉铁盒利口福中秋团购 家团圆6饼3味460g(日期新鲜）,广州酒家利口福久众专卖店
"京东超市
金尊 蛋黄莲蓉月饼125g散装中秋节送礼广式月饼企业团购员工福利",12.90元,"京东超市
金尊 蛋黄莲蓉月饼125g散装中秋节送礼广式月饼企业团购员工福利",金尊京东自营旗舰店
"京东超市
中国香港进口 奇华月饼 余仁生迷你陈皮(柑皮)豆沙月饼礼盒装480g",276.00元,"京东超市
中国香港进口 奇华月饼 余仁生迷你陈皮(柑皮)豆沙月饼礼盒装480g",优尚优品京东自营旗舰店
"京东超市
金九月饼 吴川特色五仁蛋黄礼盒月饼 中秋送礼 六和礼盒月饼600g",148.00元,"京东超市
金九月饼 吴川特色五仁蛋黄礼盒月饼 中秋送礼 六和礼盒月饼600g",金九京东自营旗舰店
【嘉兴馆】禾滋斋 传统广式双黄蛋黄莲蓉月饼200g经典中秋节散装多口味员工送礼盒装团购 200克双蛋黄莲蓉*3,19.90元,【嘉兴馆】禾滋斋 传统广式双黄蛋黄莲蓉月饼200g经典中秋节散装多口味员工送礼盒装团购 200克双蛋黄莲蓉*3,中国特产·嘉兴馆
YOTIME 中秋月饼礼盒自营 肉松雪媚娘芋泥蛋黄月饼 自营中秋礼盒网红大月饼 中秋节礼品 团购定制 望月礼盒310g,99.00元,YOTIME 中秋月饼礼盒自营 肉松雪媚娘芋泥蛋黄月饼 自营中秋礼盒网红大月饼 中秋节礼品 团购定制 望月礼盒310g,YOTIME京东自营官方旗舰店
"京东超市
元朗荣华 月饼礼盒 金玉双辉 蛋黄白莲蓉 蛋黄莲蓉 中秋月饼 600g",178.00元,"京东超市
元朗荣华 月饼礼盒 金玉双辉 蛋黄白莲蓉 蛋黄莲蓉 中秋月饼 600g",元朗荣华京东自营旗舰店
华美月饼 广式月饼礼盒装 9饼9味 510g多口味中秋节蛋黄莲蓉传统散装团购送礼 经典红系-诚挚情意/9饼9味510g,38.90元,华美月饼 广式月饼礼盒装 9饼9味 510g多口味中秋节蛋黄莲蓉传统散装团购送礼 经典红系-诚挚情意/9饼9味510g,润韬食品专营店
"京东超市
金尊 金腿五仁月饼150g散装中秋节送礼广式月饼企业团购员工福利",19.90元,"京东超市
金尊 金腿五仁月饼150g散装中秋节送礼广式月饼企业团购员工福利",金尊京东自营旗舰店
"京东超市
吴川金九月饼五仁金腿大月饼 1斤/2斤装 中秋月饼送礼 企业团购 金九礼盒装 五仁金腿礼盒500g(1斤)",149.90元,"京东超市
吴川金九月饼五仁金腿大月饼 1斤/2斤装 中秋月饼送礼 企业团购 金九礼盒装 五仁金腿礼盒500g(1斤)",邮政速递食品专营店
"京东超市
嘉华 月饼 滇式月饼礼盒600g 滇式火腿月饼中秋送礼礼盒云南地方特产美食糕点",90.00元,"京东超市
嘉华 月饼 滇式月饼礼盒600g 滇式火腿月饼中秋送礼礼盒云南地方特产美食糕点",云南嘉华食品旗舰店
诺梵中秋巧克力夹心月饼送礼荷风桂语315g,138.00元,诺梵中秋巧克力夹心月饼送礼荷风桂语315g,诺梵京东自营旗舰店
"京东超市
老鼎丰 中华老字号 东北哈尔滨老式月饼 中秋传统 川酥月饼500g",60.00元,"京东超市
老鼎丰 中华老字号 东北哈尔滨老式月饼 中秋传统 川酥月饼500g",老鼎丰食品京东自营旗舰店
"京东超市
稻香村月饼礼盒无蔗糖月饼糖醇禧月中秋月饼礼盒中秋礼盒中秋礼品中秋节无糖精员工福利 糖醇禧月600g",158.00元,"京东超市
稻香村月饼礼盒无蔗糖月饼糖醇禧月中秋月饼礼盒中秋礼盒中秋礼品中秋节无糖精员工福利 糖醇禧月600g",礼遇京东自营旗舰店
"京东超市
朕的心意故宫食品 中秋月饼礼盒 锦盒椿萱 350g",368.00元,"京东超市
朕的心意故宫食品 中秋月饼礼盒 锦盒椿萱 350g",朕的心意故宫食品京东自营旗舰店
"京东超市
卢师傅白芝麻月饼300克饼干糕点零食面包下午茶点",13.80元,"京东超市
卢师傅白芝麻月饼300克饼干糕点零食面包下午茶点",卢师傅京东自营旗舰店
月饼 久知味月饼礼盒装 10饼10味1酱鸭6茶共840g 中秋节广式月饼竹篮礼盒装送礼礼品大礼包团购,75.90元,月饼 久知味月饼礼盒装 10饼10味1酱鸭6茶共840g 中秋节广式月饼竹篮礼盒装送礼礼品大礼包团购,嘉兴特产专营店
中秋节无糖精月饼礼盒中秋无添加蔗糖糖醇月饼点心糕点 糖醇福韵610g,128.00元,中秋节无糖精月饼礼盒中秋无添加蔗糖糖醇月饼点心糕点 糖醇福韵610g,粮领鲜京东自营旗舰店
"京东超市
月饼 丹谊月饼礼盒10饼10味200g酱鸭组合中秋月饼大礼包竹篮月饼蛋黄莲蓉月满浓情800g",99.90元,"京东超市
月饼 丹谊月饼礼盒10饼10味200g酱鸭组合中秋月饼大礼包竹篮月饼蛋黄莲蓉月满浓情800g",丹谊京东自营旗舰店
中国香港美心冰皮月饼 七星伴明月月饼850g 中秋送礼月饼礼盒 8粒装,368.00元,中国香港美心冰皮月饼 七星伴明月月饼850g 中秋送礼月饼礼盒 8粒装,天成食品专营店
稻香村 月饼礼盒 双层竹篮中秋礼盒 福到万家860g/盒 企业团购公司福利,99.00元,稻香村 月饼礼盒 双层竹篮中秋礼盒 福到万家860g/盒 企业团购公司福利,稻香村·鹿泉特产馆
中秋月饼礼盒中粮大礼包158型焕彩迎福月饼米面粮油五谷粗粮组合福利教师节礼品企业团购定制,148.00元,中秋月饼礼盒中粮大礼包158型焕彩迎福月饼米面粮油五谷粗粮组合福利教师节礼品企业团购定制,贡字号官方京东自营旗舰店
【限时秒杀】华美月饼 广式蛋黄白莲蓉中秋月饼礼盒双黄白莲蓉豆沙多口味 企业团购送礼佳品 月圆情圆400g（2味4饼）【精美礼盒】,58.90元,【限时秒杀】华美月饼 广式蛋黄白莲蓉中秋月饼礼盒双黄白莲蓉豆沙多口味 企业团购送礼佳品 月圆情圆400g（2味4饼）【精美礼盒】,东莞东邮食品专营店
御茶膳房中秋节五仁团圆大月饼广式莲蓉蛋黄礼盒高档送礼品提篮多口味组合大礼包天圆蓝(正)3900g,2600.00元,御茶膳房中秋节五仁团圆大月饼广式莲蓉蛋黄礼盒高档送礼品提篮多口味组合大礼包天圆蓝(正)3900g,御茶膳房（The Imperial Palace）京东自营旗舰店
"京东超市
荣华月饼 蛋黄莲蓉 果仁豆沙月饼 中秋送礼 缤纷月月饼礼盒390g",69.00元,"京东超市
荣华月饼 蛋黄莲蓉 果仁豆沙月饼 中秋送礼 缤纷月月饼礼盒390g",荣华月饼京东自营旗舰店
"京东国际
【现货】中国香港港版美心流心四式月饼礼盒流心奶黄蛋黄芝士巧克力焦糖4口味中秋送礼伴手礼360g",358.00元,"京东国际
【现货】中国香港港版美心流心四式月饼礼盒流心奶黄蛋黄芝士巧克力焦糖4口味中秋送礼伴手礼360g",美心海外官方旗舰店
杏花楼 奶油椰蓉月饼100g*10 广式中秋散装 传统老式糕点上海中华老字号,93.00元,杏花楼 奶油椰蓉月饼100g*10 广式中秋散装 传统老式糕点上海中华老字号,杏花楼旗舰店
"京东超市
月饼 香港锦华月饼礼盒中秋礼品铁盒包装广式蛋黄莲蓉众星捧月475g",89.00元,"京东超市
月饼 香港锦华月饼礼盒中秋礼品铁盒包装广式蛋黄莲蓉众星捧月475g",锦华礼京东自营旗舰店
"京东超市
郭元益中国台湾进口月饼 百年老店糕饼龙头 新月典馔（什锦糕点）高品质台式中秋大礼盒1011g 送礼佳选",448.00元,"京东超市
郭元益中国台湾进口月饼 百年老店糕饼龙头 新月典馔（什锦糕点）高品质台式中秋大礼盒1011g 送礼佳选",郭元益京东自营官方旗舰店
五芳斋 月饼礼盒 中秋节双蛋黄莲蓉等广式月饼礼盒装780g 中秋礼品送礼大礼包五芳和家礼盒,89.00元,五芳斋 月饼礼盒 中秋节双蛋黄莲蓉等广式月饼礼盒装780g 中秋礼品送礼大礼包五芳和家礼盒,五芳斋京东自营旗舰店
桃李提浆月饼散装多口味百果馅800g,34.80元,桃李提浆月饼散装多口味百果馅800g,桃李京东自营旗舰店
广州酒家月饼 中秋月饼礼盒 蛋黄纯白莲蓉月饼720g礼盒 广式月饼企业团购送礼手信 中秋礼盒,155.00元,广州酒家月饼 中秋月饼礼盒 蛋黄纯白莲蓉月饼720g礼盒 广式月饼企业团购送礼手信 中秋礼盒,邮政速递酒类专营店
【金九旗舰店】金九月饼伍仁金腿月饼礼盒装 广式吴川手工火腿五仁月饼糕点心礼盒 企业团购 1斤,149.90元,【金九旗舰店】金九月饼伍仁金腿月饼礼盒装 广式吴川手工火腿五仁月饼糕点心礼盒 企业团购 1斤,金九月饼旗舰店
元祖月饼 月饼礼盒 中秋月饼冰淇淋 4味12饼 中秋节礼品 脆雪月,254.32元,元祖月饼 月饼礼盒 中秋月饼冰淇淋 4味12饼 中秋节礼品 脆雪月,元祖旗舰店
"京东超市
华美月饼 双黄纯白莲蓉月饼礼盒660g 中秋月饼礼盒企业团购送礼手信 双黄",98.00元,"京东超市
华美月饼 双黄纯白莲蓉月饼礼盒660g 中秋月饼礼盒企业团购送礼手信 双黄",邮政速递特产专营店
杏花楼 中华老字号 玫瑰豆沙月饼100g 广式大月饼中秋月饼散装上海 糕点甜品,9.50元,杏花楼 中华老字号 玫瑰豆沙月饼100g 广式大月饼中秋月饼散装上海 糕点甜品,杏花楼旗舰店
【金九旗舰店】金九月饼伍仁酥皮金腿月饼糕点心礼盒 广式吴川中秋五仁月饼礼盒600g（150g*4）,158.00元,【金九旗舰店】金九月饼伍仁酥皮金腿月饼糕点心礼盒 广式吴川中秋五仁月饼礼盒600g（150g*4）,金九月饼旗舰店
"京东超市
郭元益中国台湾进口月饼 百年老店糕饼龙头 翩翩映月什锦糕点奶黄酥台式风味中秋礼盒402g送礼佳选",278.00元,"京东超市
郭元益中国台湾进口月饼 百年老店糕饼龙头 翩翩映月什锦糕点奶黄酥台式风味中秋礼盒402g送礼佳选",郭元益京东自营官方旗舰店
一品粤 广式蛋黄莲蓉豆沙五仁月饼礼盒 奶黄流心老式月饼散装蔓越莓椰丝饼 中秋礼品手信糕点点心广东精准 松仁金沙奶皇125g*1,12.90元,一品粤 广式蛋黄莲蓉豆沙五仁月饼礼盒 奶黄流心老式月饼散装蔓越莓椰丝饼 中秋礼品手信糕点点心广东精准 松仁金沙奶皇125g*1,珠江食品旗舰店
【30枚】广式莲蓉蛋黄小月饼豆沙月饼糕点心零食批发中秋送礼盒装 【莲蓉蛋黄】 【买15送15】共30个,32.20元,【30枚】广式莲蓉蛋黄小月饼豆沙月饼糕点心零食批发中秋送礼盒装 【莲蓉蛋黄】 【买15送15】共30个,新易休闲食品专营店
北京稻香村 稻田日记 月饼礼盒 团购送礼 中秋礼品 360g 春华,599.00元,北京稻香村 稻田日记 月饼礼盒 团购送礼 中秋礼品 360g 春华,北京稻香村官方旗舰店
北月湾 芝士流心酥55克6枚装奶黄留心酥雪媚娘蛋黄酥休闲零食办公室小吃传统糕点茶点330g,29.90元,北月湾 芝士流心酥55克6枚装奶黄留心酥雪媚娘蛋黄酥休闲零食办公室小吃传统糕点茶点330g,北月湾旗舰店
杏花楼 蛋黄莲蓉月饼 100g广式大月饼中秋月饼散装 上海特产中华老字号,10.80元,杏花楼 蛋黄莲蓉月饼 100g广式大月饼中秋月饼散装 上海特产中华老字号,杏花楼旗舰店
"京东超市
月饼 恒宝蛋黄莲蓉月饼礼盒中秋广式企业团购金装蛋黄月饼礼盒500g",39.90元,"京东超市
月饼 恒宝蛋黄莲蓉月饼礼盒中秋广式企业团购金装蛋黄月饼礼盒500g",恒宝(Heng.bao)京东自营旗舰店
"京东超市
月饼 丹谊月饼礼盒9饼9味中秋月饼大礼包蛋黄莲蓉五仁豆沙巧克力月饼月满中秋550g",39.90元,"京东超市
月饼 丹谊月饼礼盒9饼9味中秋月饼大礼包蛋黄莲蓉五仁豆沙巧克力月饼月满中秋550g",丹谊京东自营旗舰店
桃李京式蛋皮月饼豆沙味 老式厚皮中秋传统大月饼100g*5块,34.80元,桃李京式蛋皮月饼豆沙味 老式厚皮中秋传统大月饼100g*5块,桃李京东自营旗舰店
百草味 蛋黄酥300g 麻薯雪媚娘早餐包代餐流心月饼中秋礼整箱零食小吃烘焙糕点 经典豆沙味300g（50gx6枚）,29.90元,百草味 蛋黄酥300g 麻薯雪媚娘早餐包代餐流心月饼中秋礼整箱零食小吃烘焙糕点 经典豆沙味300g（50gx6枚）,百草味官方旗舰店
元朗 月饼礼盒 咸蛋黄白莲蓉大五仁火腿 老广东广州港式中秋节送礼长辈食品 金装翡翠520g（斑兰 蛋黄莲蓉）,99.00元,元朗 月饼礼盒 咸蛋黄白莲蓉大五仁火腿 老广东广州港式中秋节送礼长辈食品 金装翡翠520g（斑兰 蛋黄莲蓉）,元朗食品旗舰店
月饼 稻香村月饼礼盒装 中秋月饼礼盒大礼包 双层竹篮900g含蛋黄莲蓉10饼酱鸭组合 竹韵悦礼【双层竹篮】10饼+酱鸭 共900克,79.90元,月饼 稻香村月饼礼盒装 中秋月饼礼盒大礼包 双层竹篮900g含蛋黄莲蓉10饼酱鸭组合 竹韵悦礼【双层竹篮】10饼+酱鸭 共900克,豪邦食品专营店
"京东超市
金九月饼伍仁金腿大月饼礼盒装 吴川特色广式火腿月饼老式手工五仁月饼礼盒1斤500g装",149.90元,"京东超市
金九月饼伍仁金腿大月饼礼盒装 吴川特色广式火腿月饼老式手工五仁月饼礼盒1斤500g装",金九月饼京东自营旗舰店
北京稻香村 稻田日记 月饼礼盒 团购送礼 中秋礼品 皮质圆盒 315g 立秋,499.00元,北京稻香村 稻田日记 月饼礼盒 团购送礼 中秋礼品 皮质圆盒 315g 立秋,北京稻香村官方旗舰店
嘉华 现烤云腿小饼 早餐糕点点心火腿月饼云南特产休闲零食8枚200g伴手礼礼盒,26.00元,嘉华 现烤云腿小饼 早餐糕点点心火腿月饼云南特产休闲零食8枚200g伴手礼礼盒,云南嘉华食品旗舰店
"京东超市
Member’s Mark 七星伴月月饼礼盒1.35kg 中秋月饼礼盒 团购送礼 传统广式",273.60元,"京东超市
Member’s Mark 七星伴月月饼礼盒1.35kg 中秋月饼礼盒 团购送礼 传统广式",山姆会员商店官方旗舰店
"京东超市
朕的心意故宫食品 中秋月饼礼盒 广式莲蓉蛋黄红豆沙五仁 锦盒福昕 350g",368.00元,"京东超市
朕的心意故宫食品 中秋月饼礼盒 广式莲蓉蛋黄红豆沙五仁 锦盒福昕 350g",朕的心意故宫食品京东自营旗舰店
桃李提浆月饼散装多口味椒盐800g,34.80元,桃李提浆月饼散装多口味椒盐800g,桃李京东自营旗舰店
元朗荣华（WINGWAH）中国香港原装品牌 双黄白莲蓉月饼经典港式口味中秋月饼礼盒装740g 双黄白莲蓉,248.00元,元朗荣华（WINGWAH）中国香港原装品牌 双黄白莲蓉月饼经典港式口味中秋月饼礼盒装740g 双黄白莲蓉,元朗荣华官方旗舰店
"京东超市
月饼 月饼礼盒 稻香村月饼高档三层铁盒蛋黄莲蓉流心奶黄蛋黄酥月饼中秋大礼包手提篮高档礼盒 中秋礼福韵720g",79.90元,"京东超市
月饼 月饼礼盒 稻香村月饼高档三层铁盒蛋黄莲蓉流心奶黄蛋黄酥月饼中秋大礼包手提篮高档礼盒 中秋礼福韵720g",五谷煮意京东自营旗舰店
"京东超市
沈大成 冷冻鲜肉月饼 300g （6只装 生胚 酥皮月饼）",32.90元,"京东超市
沈大成 冷冻鲜肉月饼 300g （6只装 生胚 酥皮月饼）",沈大成京东自营官方旗舰店
"京东超市
三只松鼠不亦月乎中秋盛宴礼 高端月饼礼盒中秋送礼传统糕点点心休闲零食560g/8枚装",188.00元,"京东超市
三只松鼠不亦月乎中秋盛宴礼 高端月饼礼盒中秋送礼传统糕点点心休闲零食560g/8枚装",三只松鼠京东自营旗舰店
月饼礼盒 莲香楼 伍仁咸肉月饼礼盒中秋节广式五仁月饼4饼750g铁罐装中华老字号企业团购员工福利,190.00元,月饼礼盒 莲香楼 伍仁咸肉月饼礼盒中秋节广式五仁月饼4饼750g铁罐装中华老字号企业团购员工福利,莲香楼京东自营专区
【现货】中国香港美心月饼 流心奶黄月饼进口港式中秋团购月饼大客户礼盒 美心流心奶黄360g,348.00元,【现货】中国香港美心月饼 流心奶黄月饼进口港式中秋团购月饼大客户礼盒 美心流心奶黄360g,食人谷旗舰店
"京东超市
月饼券 元朗荣华 双黄白莲蓉月饼740g 中秋月饼礼盒 兑换可全国配送",208.00元,"京东超市
月饼券 元朗荣华 双黄白莲蓉月饼740g 中秋月饼礼盒 兑换可全国配送",元朗荣华京东自营旗舰店
"京东超市
五味和中华老字号 百果苏式月饼365g 中秋苏式月饼杭州特产传统糕点蛋黄酥网红休闲零食下午茶小吃",19.90元,"京东超市
五味和中华老字号 百果苏式月饼365g 中秋苏式月饼杭州特产传统糕点蛋黄酥网红休闲零食下午茶小吃",知味观京东自营旗舰店
"京东超市
稻香村中秋月饼礼盒糕点礼盒蛋黄莲蓉月饼豆沙月饼五仁月饼多口味月饼员工福利慰问品中秋节日礼品 皇家御品1180g",189.00元,"京东超市
稻香村中秋月饼礼盒糕点礼盒蛋黄莲蓉月饼豆沙月饼五仁月饼多口味月饼员工福利慰问品中秋节日礼品 皇家御品1180g",悦珍福京东自营旗舰店
"京东超市
宝岛太阳堂 三山五园之颐和园 台式中秋月饼礼盒装法式奶酪流心 港式叉烧蛋黄星空酥皮白茶多口味8饼4味480g",208.00元,"京东超市
宝岛太阳堂 三山五园之颐和园 台式中秋月饼礼盒装法式奶酪流心 港式叉烧蛋黄星空酥皮白茶多口味8饼4味480g",宝岛太阳堂京东自营旗舰店
"京东超市
荣华 （ronghua）清香双黄白莲蓉月饼礼盒装750g 经典广式正宗双蛋黄清香白莲蓉 中秋送礼",169.00元,"京东超市
荣华 （ronghua）清香双黄白莲蓉月饼礼盒装750g 经典广式正宗双蛋黄清香白莲蓉 中秋送礼",荣华食品京东自营旗舰店
"京东超市
稻香村月饼双层高档礼盒12饼600g京式月饼广式月饼中秋月饼企业团购蛋黄莲蓉中秋团圆福利送礼袋",99.00元,"京东超市
稻香村月饼双层高档礼盒12饼600g京式月饼广式月饼中秋月饼企业团购蛋黄莲蓉中秋团圆福利送礼袋",雨多田光旗舰店
广州陶陶居酒家 金腿伍仁中秋月饼礼盒装 传统手工老式 正宗广式月饼芝麻坚果仁 团购员工福利 金腿伍仁（720g）,178.00元,广州陶陶居酒家 金腿伍仁中秋月饼礼盒装 传统手工老式 正宗广式月饼芝麻坚果仁 团购员工福利 金腿伍仁（720g）,陶陶居食品官方旗舰店
风味坐标 稻香村月饼礼盒 稻香典雅1000g 8味18饼 中秋节京式广式混合五仁蛋黄莲蓉 京东出品,79.90元,风味坐标 稻香村月饼礼盒 稻香典雅1000g 8味18饼 中秋节京式广式混合五仁蛋黄莲蓉 京东出品,风味坐标京东自营旗舰店
潘祥记云腿月饼礼盒舞动传奇450g云南特产滇式宣威火腿月饼零食中秋送礼团购,45.80元,潘祥记云腿月饼礼盒舞动传奇450g云南特产滇式宣威火腿月饼零食中秋送礼团购,潘祥记旗舰店
金九月饼礼盒装 四黄白莲蓉大饼1斤装 礼盒装 广式吴川中秋月饼500g,106.00元,金九月饼礼盒装 四黄白莲蓉大饼1斤装 礼盒装 广式吴川中秋月饼500g,金九智慧联盟专卖店
"京东超市
叶大昌 苏式百果月饼60g*5只 上海特产 中秋月饼送礼送父母朋友",13.90元,"京东超市
叶大昌 苏式百果月饼60g*5只 上海特产 中秋月饼送礼送父母朋友",叶大昌京东自营旗舰店
"京东超市
朕的心意故宫月饼礼盒中秋送礼中秋礼盒中秋月饼中秋礼品蛋黄月饼送员工福利送领导单位福利 珎宝盒琼华中秋380g",318.00元,"京东超市
朕的心意故宫月饼礼盒中秋送礼中秋礼盒中秋月饼中秋礼品蛋黄月饼送员工福利送领导单位福利 珎宝盒琼华中秋380g",中颐荟食品旗舰店
"京东超市
广州酒家 乳酸菌风味流心月饼礼盒400g 中秋月饼 中华老字号 广式月饼 送人佳品",178.00元,"京东超市
广州酒家 乳酸菌风味流心月饼礼盒400g 中秋月饼 中华老字号 广式月饼 送人佳品",广州酒家京东自营旗舰店
长期做饼广西玉林月饼五仁叉烧经典老式筒装加料叉烧白莲蓉多口味 1筒 五仁叉烧 长期做饼日期新鲜,33.00元,长期做饼广西玉林月饼五仁叉烧经典老式筒装加料叉烧白莲蓉多口味 1筒 五仁叉烧 长期做饼日期新鲜,闻联生鲜专营店
"京东超市
法蒂欧月饼礼盒法式月饼中秋送礼中秋礼盒月饼礼盒法式流芯奶黄月饼公司福利员工福利团购优惠 法国印象700g",368.00元,"京东超市
法蒂欧月饼礼盒法式月饼中秋送礼中秋礼盒月饼礼盒法式流芯奶黄月饼公司福利员工福利团购优惠 法国印象700g",华贸苑京东自营旗舰店
"京东超市
五芳斋 月饼礼盒 中秋礼品广式月饼糕点 中秋节蛋黄莲蓉月饼等五芳年华礼盒580g",88.00元,"京东超市
五芳斋 月饼礼盒 中秋礼品广式月饼糕点 中秋节蛋黄莲蓉月饼等五芳年华礼盒580g",五芳斋京东自营旗舰店
"京东超市
功德林 单只装素食酥皮苏式手工月饼（桃仁黑麻味）80g中华老字号 上海特产",8.80元,"京东超市
功德林 单只装素食酥皮苏式手工月饼（桃仁黑麻味）80g中华老字号 上海特产",功德林京东自营旗舰店
米旗盛世月礼月饼礼盒900g贵妃荔枝豆沙月饼中秋节送礼礼盒团购,199.00元,米旗盛世月礼月饼礼盒900g贵妃荔枝豆沙月饼中秋节送礼礼盒团购,米旗食品官方旗舰店
"京东超市
澳丰园 五仁叉烧皇月饼 广式月饼散装 中秋传统老广东广州送礼糕点 128g",9.90元,"京东超市
澳丰园 五仁叉烧皇月饼 广式月饼散装 中秋传统老广东广州送礼糕点 128g",澳丰园京东自营旗舰店
黄家月小月饼4个装500g多口味组合广式月饼五仁叉烧/蛋黄莲蓉/豆沙/芝麻可选 五仁叉烧4个,68.00元,黄家月小月饼4个装500g多口味组合广式月饼五仁叉烧/蛋黄莲蓉/豆沙/芝麻可选 五仁叉烧4个,黄家月旗舰店
海鹏 丰镇月饼10个装\/1500g整箱 内蒙古混糖月饼 老式手工月饼传统糕点 早餐饼全国名小吃 黑糖蜂蜜10枚装,42.00元,海鹏 丰镇月饼10个装\/1500g整箱 内蒙古混糖月饼 老式手工月饼传统糕点 早餐饼全国名小吃 黑糖蜂蜜10枚装,海鹏食品旗舰店
"京东超市
故宫月饼食品朕的心意月饼礼盒中秋月饼中秋礼盒中秋礼品月饼礼盒团购优惠送员工福利员工中秋礼品 扶摇中秋400g",398.00元,"京东超市
故宫月饼食品朕的心意月饼礼盒中秋月饼中秋礼盒中秋礼品月饼礼盒团购优惠送员工福利员工中秋礼品 扶摇中秋400g",地灵庄京东自营旗舰店
"京东超市
广州酒家 珍情觅月月饼礼盒805g 10个装 广式双黄莲蓉五仁黑芝麻豆沙礼盒 中秋送礼糕点",214.00元,"京东超市
广州酒家 珍情觅月月饼礼盒805g 10个装 广式双黄莲蓉五仁黑芝麻豆沙礼盒 中秋送礼糕点",广州酒家京东自营旗舰店
"京东超市
知味观 花好月圆 港式鎏金奶黄礼盒560g【联名定制款】中秋月饼高端礼盒送礼奶黄燕窝松露芝士流心",278.00元,"京东超市
知味观 花好月圆 港式鎏金奶黄礼盒560g【联名定制款】中秋月饼高端礼盒送礼奶黄燕窝松露芝士流心",知味观京东自营旗舰店
中秋广式月饼蛋黄莲蓉五仁黑芝麻豆沙水果味老式伍仁散装多口味团购批发100g 豆沙味100g,2.80元,中秋广式月饼蛋黄莲蓉五仁黑芝麻豆沙水果味老式伍仁散装多口味团购批发100g 豆沙味100g,桃潭兰花旗舰店
"京东超市
金九月饼 四蛋黄白莲蓉大饼 广式吴川中秋手工月饼礼盒装500g",106.00元,"京东超市
金九月饼 四蛋黄白莲蓉大饼 广式吴川中秋手工月饼礼盒装500g",金九月饼京东自营旗舰店
华美月饼礼盒装广式蛋黄莲蓉豆沙月饼散装多口味中秋节团购送礼品 喜庆红-诚挚情意/9饼9味510G,34.90元,华美月饼礼盒装广式蛋黄莲蓉豆沙月饼散装多口味中秋节团购送礼品 喜庆红-诚挚情意/9饼9味510G,润禧食品专营店
中国香港美心月饼 双黄白莲蓉\/双黄莲蓉蛋黄月饼中秋送礼礼盒740g 双黄莲蓉,300.00元,中国香港美心月饼 双黄白莲蓉\/双黄莲蓉蛋黄月饼中秋送礼礼盒740g 双黄莲蓉,臻味生鲜专营店
月饼礼盒 莲香楼 双黄纯正莲蓉中秋节广式月饼4饼750g铁罐装中华老字号企业团购员工福利,178.00元,月饼礼盒 莲香楼 双黄纯正莲蓉中秋节广式月饼4饼750g铁罐装中华老字号企业团购员工福利,莲香楼京东自营专区
"京东超市
朕的心意故宫食品 中秋月饼礼盒 八角盒悦棠 400g",278.00元,"京东超市
朕的心意故宫食品 中秋月饼礼盒 八角盒悦棠 400g",朕的心意故宫食品京东自营旗舰店
元祖冰淇淋 冰皮月饼 月饼礼盒 中秋中秋节礼品 4味12饼 星空,236.72元,元祖冰淇淋 冰皮月饼 月饼礼盒 中秋中秋节礼品 4味12饼 星空,元祖旗舰店
稻香村月饼400g罐装(共5块) 京式月饼五仁枣泥玫瑰椒盐中秋老月饼 京式五仁400g,21.80元,稻香村月饼400g罐装(共5块) 京式月饼五仁枣泥玫瑰椒盐中秋老月饼 京式五仁400g,中晨食品专营店
老母家五仁月饼白山靖宇厂家直发传统糕点豆沙黑芝麻枣泥散装多口味中秋老式月饼礼盒团购采购员工福利 苏子糖 400g，4块/袋,17.90元,老母家五仁月饼白山靖宇厂家直发传统糕点豆沙黑芝麻枣泥散装多口味中秋老式月饼礼盒团购采购员工福利 苏子糖 400g，4块/袋,老母家食品官方旗舰店
月饼礼盒 蒙时代手工老式奶皮子月饼内蒙古散装广式中秋礼品 800g奶月饼礼盒装【到手价59.9】,89.90元,月饼礼盒 蒙时代手工老式奶皮子月饼内蒙古散装广式中秋礼品 800g奶月饼礼盒装【到手价59.9】,蒙时代旗舰店
【买一送一】诺梵中秋巧克力月饼教师节礼物礼盒团购批发 私秋佳语,129.00元,【买一送一】诺梵中秋巧克力月饼教师节礼物礼盒团购批发 私秋佳语,诺梵官方旗舰店
"京东超市
功德林 单只装素食酥皮苏式手工月饼（椒盐百果味）80g中华老字号 上海特产",9.20元,"京东超市
功德林 单只装素食酥皮苏式手工月饼（椒盐百果味）80g中华老字号 上海特产",功德林京东自营旗舰店
"京东超市
全聚德 团圆八景9枚装720g月饼礼盒 京式月饼团购中秋送礼（新老包装随机发货）",79.00元,"京东超市
全聚德 团圆八景9枚装720g月饼礼盒 京式月饼团购中秋送礼（新老包装随机发货）",全聚德京东自营旗舰店
"京东超市
朕的心意故宫食品 中秋月饼礼盒 八角盒苍瑶400g",278.00元,"京东超市
朕的心意故宫食品 中秋月饼礼盒 八角盒苍瑶400g",朕的心意故宫食品京东自营旗舰店
"京东超市
朕的心意故宫食品 中秋月饼礼盒 八角盒安和 400g",278.00元,"京东超市
朕的心意故宫食品 中秋月饼礼盒 八角盒安和 400g",朕的心意故宫食品京东自营旗舰店
"京东超市
潘祥记云腿月饼云南宣威火腿滇式中秋云腿酥饼 云腿月饼100g*10个",98.00元,"京东超市
潘祥记云腿月饼云南宣威火腿滇式中秋云腿酥饼 云腿月饼100g*10个",潘祥记京东自营旗舰店
"京东超市
月饼券 元朗荣华 蛋黃金翡翠莲蓉月饼600g 中秋月饼礼盒 兑换可全国配送",178.00元,"京东超市
月饼券 元朗荣华 蛋黃金翡翠莲蓉月饼600g 中秋月饼礼盒 兑换可全国配送",元朗荣华京东自营旗舰店
【实物】稻香村月饼礼盒中秋月饼中秋礼盒蛋黄莲蓉多口味高端中秋礼品稻香村糕点大礼包中秋节礼盒 皇家御品1180g【三层高端手提礼盒】,208.00元,【实物】稻香村月饼礼盒中秋月饼中秋礼盒蛋黄莲蓉多口味高端中秋礼品稻香村糕点大礼包中秋节礼盒 皇家御品1180g【三层高端手提礼盒】,万香阁京东自营旗舰店
【买一送一】诺梵中秋巧克力月饼教师节礼物礼盒团购批发 月夜星晴,129.00元,【买一送一】诺梵中秋巧克力月饼教师节礼物礼盒团购批发 月夜星晴,诺梵官方旗舰店
潘祥记精制云腿酥皮月饼云腿月饼50g*20枚散装滇式火腿月饼云南特产 云腿月饼50g*20枚,79.80元,潘祥记精制云腿酥皮月饼云腿月饼50g*20枚散装滇式火腿月饼云南特产 云腿月饼50g*20枚,蓬发食品专营店
稻香村 金色双层月饼礼盒 稻香盛世1225g中秋节大礼包 蛋黄莲蓉五仁月饼 团购送礼,99.00元,稻香村 金色双层月饼礼盒 稻香盛世1225g中秋节大礼包 蛋黄莲蓉五仁月饼 团购送礼,稻香村·遵化特产馆
元朗荣华 双黄白莲蓉月饼 740g(185g*4) 广式月饼 礼盒套装 送礼,261.60元,元朗荣华 双黄白莲蓉月饼 740g(185g*4) 广式月饼 礼盒套装 送礼,山姆会员商店官方旗舰店
"京东超市
北京 稻香村 糖醇红豆散装 传统广式月饼85g",19.90元,"京东超市
北京 稻香村 糖醇红豆散装 传统广式月饼85g",北京稻香村京东自营旗舰店
"京东超市
哈根达斯 花好月圆 定制款 冰淇淋月饼礼券 礼卡礼品 中秋送礼 教师节送礼 礼盒 京东定制款",338.00元,"京东超市
哈根达斯 花好月圆 定制款 冰淇淋月饼礼券 礼卡礼品 中秋送礼 教师节送礼 礼盒 京东定制款",哈根达斯京东自营旗舰店
"京东超市
杏花楼 月饼礼盒 杏福时光600g 广式月饼礼盒装中秋送礼 中华老字号上海特产 双黄莲蓉果仁豆沙香辣牛肉",178.00元,"京东超市
杏花楼 月饼礼盒 杏福时光600g 广式月饼礼盒装中秋送礼 中华老字号上海特产 双黄莲蓉果仁豆沙香辣牛肉",杏花楼京东自营旗舰店
"京东超市
北京 稻香村 糖醇黒麻散装 传统广式月饼85g",19.90元,"京东超市
北京 稻香村 糖醇黒麻散装 传统广式月饼85g",北京稻香村京东自营旗舰店
"京东超市
北京 稻香村 糖醇莲蓉散装 传统广式月饼85g",19.90元,"京东超市
北京 稻香村 糖醇莲蓉散装 传统广式月饼85g",北京稻香村京东自营旗舰店
【立减60元】三层提篮月饼礼盒装【含1斤装五仁大月饼】净重2斤多广式蛋黄莲蓉多口味中秋节,119.90元,【立减60元】三层提篮月饼礼盒装【含1斤装五仁大月饼】净重2斤多广式蛋黄莲蓉多口味中秋节,润之禧旗舰店
"京东超市
北京 稻香村 糖醇五仁散装 传统广式月饼85g",19.90元,"京东超市
北京 稻香村 糖醇五仁散装 传统广式月饼85g",北京稻香村京东自营旗舰店
"京东超市
月饼散装 莲香楼 蛋黄纯正白莲蓉中秋节广式月饼187.5g 铁罐1个装中华老字号企业团购员工福利",42.90元,"京东超市
月饼散装 莲香楼 蛋黄纯正白莲蓉中秋节广式月饼187.5g 铁罐1个装中华老字号企业团购员工福利",莲香楼京东自营专区
"京东超市
传统散装 莲香楼 伍仁咸肉中秋节广式五仁月饼187.5g 铁罐1个装中华老字号企业团购员工福利",48.90元,"京东超市
传统散装 莲香楼 伍仁咸肉中秋节广式五仁月饼187.5g 铁罐1个装中华老字号企业团购员工福利",莲香楼京东自营专区
"京东超市
月饼散装 莲香楼 蛋黄纯正莲蓉中秋节广式月饼187.5g 铁罐1个装中华老字号企业团购员工福利",39.90元,"京东超市
月饼散装 莲香楼 蛋黄纯正莲蓉中秋节广式月饼187.5g 铁罐1个装中华老字号企业团购员工福利",莲香楼京东自营专区
"京东超市
卢师傅老伍仁月饼传统糕点永城特产零食下午茶散装340克",13.80元,"京东超市
卢师傅老伍仁月饼传统糕点永城特产零食下午茶散装340克",卢师傅京东自营旗舰店
"京东超市
卢师傅椒盐月饼传统糕点永城特产零食下午茶散装75克",3.50元,"京东超市
卢师傅椒盐月饼传统糕点永城特产零食下午茶散装75克",卢师傅京东自营旗舰店
"京东超市
澳门葡记 双黄白莲蓉月饼 720g4枚装（配礼袋） 传统广式中秋礼盒 手工糕点心团购 休闲零食",198.00元,"京东超市
澳门葡记 双黄白莲蓉月饼 720g4枚装（配礼袋） 传统广式中秋礼盒 手工糕点心团购 休闲零食",葡记京东自营旗舰店
"京东超市
佳宁娜 中秋月饼礼盒 迷你鸳鸯月饼360g 广式蛋黄莲蓉 潮式酥皮芋蓉组合",118.00元,"京东超市
佳宁娜 中秋月饼礼盒 迷你鸳鸯月饼360g 广式蛋黄莲蓉 潮式酥皮芋蓉组合",佳宁娜食品京东自营旗舰店
"京东超市
卢师傅花生酥月饼传统糕点永城特产零食下午茶散装75克",3.60元,"京东超市
卢师傅花生酥月饼传统糕点永城特产零食下午茶散装75克",卢师傅京东自营旗舰店
五芳斋 月饼礼盒 中秋节广式月饼蛋黄莲蓉红豆沙紫薯 五芳嘉禾815克,129.90元,五芳斋 月饼礼盒 中秋节广式月饼蛋黄莲蓉红豆沙紫薯 五芳嘉禾815克,五芳斋官方旗舰店
陶陶居联名小黄人神偷奶爸联名款网红流沙月饼流心奶黄月饼礼盒公司企业送礼员工福利,138.00元,陶陶居联名小黄人神偷奶爸联名款网红流沙月饼流心奶黄月饼礼盒公司企业送礼员工福利,九如三居旗舰店
"京东超市
朕的心意故宫食品 中秋月饼礼盒 八角盒菱云 400g",278.00元,"京东超市
朕的心意故宫食品 中秋月饼礼盒 八角盒菱云 400g",朕的心意故宫食品京东自营旗舰店
"京东超市
全聚德 仿膳御龙锦月12枚装1040g月饼礼盒 京式月饼团购中秋送礼 （新老包装随机发货）",199.00元,"京东超市
全聚德 仿膳御龙锦月12枚装1040g月饼礼盒 京式月饼团购中秋送礼 （新老包装随机发货）",全聚德京东自营旗舰店
300减210_百草味 流心奶黄月饼组合 中秋月饼熔岩流心奶黄水果多口味月饼散装零食礼 MJ 草莓芝芝流心100g,31.60元,300减210_百草味 流心奶黄月饼组合 中秋月饼熔岩流心奶黄水果多口味月饼散装零食礼 MJ 草莓芝芝流心100g,百草味官方旗舰店
日月坊 月饼广式老五仁中秋手工饼黑芝麻休闲零食礼盒散装批发 八仁月饼500克（买两斤送一斤）配料升级 馅料丰富,24.80元,日月坊 月饼广式老五仁中秋手工饼黑芝麻休闲零食礼盒散装批发 八仁月饼500克（买两斤送一斤）配料升级 馅料丰富,辅堂食品专营店
日月坊 月饼广式老五仁中秋手工饼黑芝麻休闲零食礼盒散装批发 水晶五仁500克（买两斤送一斤）工艺升级 香甜儒软,17.80元,日月坊 月饼广式老五仁中秋手工饼黑芝麻休闲零食礼盒散装批发 水晶五仁500克（买两斤送一斤）工艺升级 香甜儒软,辅堂食品专营店
"京东超市
百草味 中秋月饼散装多口味零食礼 水果软心月饼50gx2只装",34.90元,"京东超市
百草味 中秋月饼散装多口味零食礼 水果软心月饼50gx2只装",百草味京东自营旗舰店
"京东超市
功德林 功德万福月饼礼盒660g 中秋苏式素月饼礼盒 上海特产 中华老字号",258.00元,"京东超市
功德林 功德万福月饼礼盒660g 中秋苏式素月饼礼盒 上海特产 中华老字号",功德林京东自营旗舰店
【团购优惠】月饼 五芳斋月饼礼盒装 9饼9味450g中秋节礼品广式月饼 送礼团购 五芳斋礼盒450克,65.90元,【团购优惠】月饼 五芳斋月饼礼盒装 9饼9味450g中秋节礼品广式月饼 送礼团购 五芳斋礼盒450克,五芳斋久众专卖店
"京东超市
百草味 软糯奶黄流心月饼50gX2 散装零食中秋礼盒",34.90元,"京东超市
百草味 软糯奶黄流心月饼50gX2 散装零食中秋礼盒",百草味京东自营旗舰店
广式水果月饼100枚一整箱5斤中秋散装多口味糕点点心零食水果味 八味混合2000克(约80枚),38.70元,广式水果月饼100枚一整箱5斤中秋散装多口味糕点点心零食水果味 八味混合2000克(约80枚),能吃是福食品专营店
广式水果月饼100枚一整箱5斤中秋散装多口味糕点点心零食水果味 八味混合500克(约20枚),17.70元,广式水果月饼100枚一整箱5斤中秋散装多口味糕点点心零食水果味 八味混合500克(约20枚),能吃是福食品专营店
"京东超市
悠享时 中秋月饼礼盒 爆浆雪媚娘奶黄流心月饼水果月饼 礼盒装中秋节礼品4味8枚 中秋送礼佳品团购定制 花月流心礼盒480g",129.00元,"京东超市
悠享时 中秋月饼礼盒 爆浆雪媚娘奶黄流心月饼水果月饼 礼盒装中秋节礼品4味8枚 中秋送礼佳品团购定制 花月流心礼盒480g",悠享时yotime旗舰店
"京东超市
嘉华月饼 精制云腿月饼 云南地方特产传统美食糕点 80g*10枚中秋送礼团购",79.80元,"京东超市
嘉华月饼 精制云腿月饼 云南地方特产传统美食糕点 80g*10枚中秋送礼团购",嘉华食品京东自营专卖店
月饼礼盒高档中秋月饼礼盒 广式蛋黄莲蓉豆沙月饼送礼礼品企业团购 提篮二层月饼560g,69.90元,月饼礼盒高档中秋月饼礼盒 广式蛋黄莲蓉豆沙月饼送礼礼品企业团购 提篮二层月饼560g,享食者食品旗舰店
"京东超市
米旗（Maky） 盛世月礼月饼礼盒8味12粒 中秋礼品团购福利",209.00元,"京东超市
米旗（Maky） 盛世月礼月饼礼盒8味12粒 中秋礼品团购福利",米旗京东自营旗舰店
"京东超市
良品铺子 绵绵红豆沙月饼50g 散月 月饼礼盒中秋节传统糕点",9.90元,"京东超市
良品铺子 绵绵红豆沙月饼50g 散月 月饼礼盒中秋节传统糕点",良品铺子京东自营旗舰店
"京东超市
米旗（Maky）法式乳酪月饼礼盒6粒装中秋礼品团购福利",95.00元,"京东超市
米旗（Maky）法式乳酪月饼礼盒6粒装中秋礼品团购福利",米旗京东自营旗舰店
"京东超市
百草味 盛世乐礼高端月饼礼盒500g/10只 奶黄流心中秋送礼多口味",158.00元,"京东超市
百草味 盛世乐礼高端月饼礼盒500g/10只 奶黄流心中秋送礼多口味",百草味京东自营旗舰店
"京东超市
嘉华 月饼 滇式云腿月饼+蛋黄月饼 云南特产美食传统糕点中秋送礼盒装团购800g",98.00元,"京东超市
嘉华 月饼 滇式云腿月饼+蛋黄月饼 云南特产美食传统糕点中秋送礼盒装团购800g",嘉华食品京东自营专卖店
"京东超市
广州酒家利口福 月饼礼盒 名家尚品 白莲蓉 五仁 红豆沙 紫薯 中秋月饼480g（新老包装发放)",178.00元,"京东超市
广州酒家利口福 月饼礼盒 名家尚品 白莲蓉 五仁 红豆沙 紫薯 中秋月饼480g（新老包装发放)",广州酒家京东自营旗舰店
"京东超市
月饼 稻香村月饼礼盒蛋黄莲蓉 稻香韵月800g 双层竹篮",159.00元,"京东超市
月饼 稻香村月饼礼盒蛋黄莲蓉 稻香韵月800g 双层竹篮",稻香村食品旗舰店
"京东超市
月饼 稻香村月饼礼盒 稻香尊月710g中秋节礼盒送人团购",69.90元,"京东超市
月饼 稻香村月饼礼盒 稻香尊月710g中秋节礼盒送人团购",稻香村京东自营专卖店
"京东超市
稻香村 月饼礼盒 中秋礼品 企业福利 五仁月饼 稻香尊月 710克/盒",58.80元,"京东超市
稻香村 月饼礼盒 中秋礼品 企业福利 五仁月饼 稻香尊月 710克/盒",稻香村食品京东自营专区
潘祥记云腿月饼云南特产滇式火腿月饼50g*10枚中秋月饼散装 云腿月饼50克*10个,45.80元,潘祥记云腿月饼云南特产滇式火腿月饼50g*10枚中秋月饼散装 云腿月饼50克*10个,麦豆憨食品旗舰店
"京东超市
潘祥记中秋月饼合家福礼盒装1040g滇式云腿月饼8味32枚广式月饼送礼",88.00元,"京东超市
潘祥记中秋月饼合家福礼盒装1040g滇式云腿月饼8味32枚广式月饼送礼",潘祥记京东自营旗舰店
华美月饼 礼盒装 9饼9味广式蛋黄莲蓉净重510g 糕点点心多口味中秋节月饼礼盒装送礼品团购,32.90元,华美月饼 礼盒装 9饼9味广式蛋黄莲蓉净重510g 糕点点心多口味中秋节月饼礼盒装送礼品团购,润韬食品专营店
"京东超市
金九月饼 伍仁金腿大月饼 广式月饼 中秋礼盒 吴川金九五仁月饼礼盒2斤装1000g",228.00元,"京东超市
金九月饼 伍仁金腿大月饼 广式月饼 中秋礼盒 吴川金九五仁月饼礼盒2斤装1000g",金九月饼京东自营旗舰店
月饼 月饼礼盒 广州酒家月饼双黄纯白莲蓉月饼礼盒 中秋节月饼广式月饼 非凡臻品940.5g,238.00元,月饼 月饼礼盒 广州酒家月饼双黄纯白莲蓉月饼礼盒 中秋节月饼广式月饼 非凡臻品940.5g,五谷煮意京东自营旗舰店
功德林 【功德金牌礼盒】656克中秋苏式月饼礼盒 酥皮传统手工老式糕点送礼佳品团购 中华老字号,99.00元,功德林 【功德金牌礼盒】656克中秋苏式月饼礼盒 酥皮传统手工老式糕点送礼佳品团购 中华老字号,功德林官方旗舰店
"京东超市
稻香村 月饼礼盒 中秋礼品 企业福利 五仁月饼 高档双层礼盒 稻香盛世 1225g",129.00元,"京东超市
稻香村 月饼礼盒 中秋礼品 企业福利 五仁月饼 高档双层礼盒 稻香盛世 1225g",稻香村食品京东自营专区
"京东超市
小月饼广式中秋手工酥皮莲蓉味蛋黄豆沙蛋黄1000G休闲零食散装批发 1500g混合口味36个",47.30元,"京东超市
小月饼广式中秋手工酥皮莲蓉味蛋黄豆沙蛋黄1000G休闲零食散装批发 1500g混合口味36个",嗨果帮京东自营旗舰店
"京东超市
稻香村 月饼礼盒 中秋礼品 企业福利 五仁月饼 稻香月礼 520克/盒",45.00元,"京东超市
稻香村 月饼礼盒 中秋礼品 企业福利 五仁月饼 稻香月礼 520克/盒",稻香村食品京东自营专区
金顺昌月饼五仁月饼老式鲜肉月饼散装叉烧火腿广西中秋节礼品伍仁火腿广式多口味 五仁叉烧125克*1个（买4送4，买8送8）,14.50元,金顺昌月饼五仁月饼老式鲜肉月饼散装叉烧火腿广西中秋节礼品伍仁火腿广式多口味 五仁叉烧125克*1个（买4送4，买8送8）,桂柒食品专营店
"京东超市
悠享时 中秋月饼礼盒 水果奶黄流心月饼蛋黄 月饼自营广式月饼 中秋礼盒送礼佳品团购定制 中秋节礼品 花月流心礼盒480g",129.00元,"京东超市
悠享时 中秋月饼礼盒 水果奶黄流心月饼蛋黄 月饼自营广式月饼 中秋礼盒送礼佳品团购定制 中秋节礼品 花月流心礼盒480g",YOTIME京东自营官方旗舰店
荣华月饼 广式双黄白莲蓉中秋礼盒装团购批发员工福利送礼佳品 双黄白莲蓉708g,139.00元,荣华月饼 广式双黄白莲蓉中秋礼盒装团购批发员工福利送礼佳品 双黄白莲蓉708g,莞香邮礼旗舰店
"京东超市
良品铺子 李广杏鲜果月饼60g 散月 月饼礼盒 中秋节传统糕点",17.90元,"京东超市
良品铺子 李广杏鲜果月饼60g 散月 月饼礼盒 中秋节传统糕点",良品铺子京东自营旗舰店
"京东超市
良品铺子 汁汁葡萄鲜果月饼60g 散月 月饼礼盒 中秋节传统糕点",17.90元,"京东超市
良品铺子 汁汁葡萄鲜果月饼60g 散月 月饼礼盒 中秋节传统糕点",良品铺子京东自营旗舰店
"京东超市
良品铺子 冰糯荔枝鲜果月饼60g 散月 月饼礼盒 中秋节传统糕点",17.90元,"京东超市
良品铺子 冰糯荔枝鲜果月饼60g 散月 月饼礼盒 中秋节传统糕点",良品铺子京东自营旗舰店
潘祥记云腿月饼50gx10枚散装云南特产滇式酥皮火腿散装月饼中秋送礼,45.80元,潘祥记云腿月饼50gx10枚散装云南特产滇式酥皮火腿散装月饼中秋送礼,潘祥记旗舰店
元祖 中秋月饼礼盒 花弄月 5味19饼 台式月饼 中秋节礼品,271.04元,元祖 中秋月饼礼盒 花弄月 5味19饼 台式月饼 中秋节礼品,元祖京东自营旗舰店
"京东超市
北京 稻香村 金丝枣蓉散装 传统广式月饼110g",15.90元,"京东超市
北京 稻香村 金丝枣蓉散装 传统广式月饼110g",北京稻香村京东自营旗舰店
月饼 稻香村月饼礼盒 稻香壹品 880g蛋黄莲蓉五仁多口味广式月饼 高端礼盒 企业团购送礼,69.90元,月饼 稻香村月饼礼盒 稻香壹品 880g蛋黄莲蓉五仁多口味广式月饼 高端礼盒 企业团购送礼,稻香村·遵化特产馆
知味观 中华老字号 八口味可选 单口味单筒 苏式月饼 老式月饼 黑麻360g,38.80元,知味观 中华老字号 八口味可选 单口味单筒 苏式月饼 老式月饼 黑麻360g,知味观食品旗舰店
桃李京式月饼中秋实惠装团购送礼品传统老式月饼五仁馅500g,39.80元,桃李京式月饼中秋实惠装团购送礼品传统老式月饼五仁馅500g,桃李京东自营旗舰店
五芳斋月饼礼盒装 广式月饼蛋黄莲蓉中秋节汐月礼品送礼双层竹篮 五芳汐月（8饼8味1酱鸭）,74.90元,五芳斋月饼礼盒装 广式月饼蛋黄莲蓉中秋节汐月礼品送礼双层竹篮 五芳汐月（8饼8味1酱鸭）,五芳斋特产旗舰店
稻香村苏式月饼传统老式酥皮老五仁豆沙水果散装多口味手工中秋节 苏式五仁2卷10块共620g,24.78元,稻香村苏式月饼传统老式酥皮老五仁豆沙水果散装多口味手工中秋节 苏式五仁2卷10块共620g,食蕴者食品专营店
"京东超市
北京稻香村 稻田日记 月饼礼盒中秋节送礼礼品 皮质礼盒 春华",599.00元,"京东超市
北京稻香村 稻田日记 月饼礼盒中秋节送礼礼品 皮质礼盒 春华",北京稻香村京东自营旗舰店
五芳斋 中秋月饼礼盒装 广式8饼8味1酱鸭720g双层竹篮 蛋黄莲蓉红豆沙椒盐大礼包团购批发企业福利,99.90元,五芳斋 中秋月饼礼盒装 广式8饼8味1酱鸭720g双层竹篮 蛋黄莲蓉红豆沙椒盐大礼包团购批发企业福利,中农生鲜专营店
"京东超市
陶陶居 小黄人流心奶黄月饼礼盒装270g 广州广式酒家神偷奶爸可爱流沙送礼中秋福利采团购",148.00元,"京东超市
陶陶居 小黄人流心奶黄月饼礼盒装270g 广州广式酒家神偷奶爸可爱流沙送礼中秋福利采团购",九如三居京东自营旗舰店
"京东超市
月饼散装 房锦记 水晶五仁 5只盒装 中秋节苏式月饼300g手工酥皮传统味道企业团购员工福利",25.90元,"京东超市
月饼散装 房锦记 水晶五仁 5只盒装 中秋节苏式月饼300g手工酥皮传统味道企业团购员工福利",房锦记京东自营旗舰店
中粮大礼包月饼礼盒258型橄榄油银耳冰糖有机杂粮组合装谛品居中秋节送礼员工福利支持企业团购定制,198.00元,中粮大礼包月饼礼盒258型橄榄油银耳冰糖有机杂粮组合装谛品居中秋节送礼员工福利支持企业团购定制,吴家庄京东自营旗舰店
华美（Huamei）月饼 广式双黄蛋黄白莲蓉月饼礼盒中秋员工福利团购批发送礼佳品 御香月四喜月720克,79.90元,华美（Huamei）月饼 广式双黄蛋黄白莲蓉月饼礼盒中秋员工福利团购批发送礼佳品 御香月四喜月720克,莞香邮礼旗舰店
"京东超市
朗 蛋黄白莲蓉 广式中秋节月饼4饼2味 礼盒装400g",29.90元,"京东超市
朗 蛋黄白莲蓉 广式中秋节月饼4饼2味 礼盒装400g",朗京东自营旗舰店
"京东超市
朗 伍仁蛋莲 五仁月饼蛋黄白莲蓉4饼2味 中秋节月饼礼盒装500g",32.90元,"京东超市
朗 伍仁蛋莲 五仁月饼蛋黄白莲蓉4饼2味 中秋节月饼礼盒装500g",朗京东自营旗舰店
杏花楼 金祺月 广式月饼礼盒传统中秋送礼多口味盒装豆沙蛋黄莲蓉640g中华老字号,140.60元,杏花楼 金祺月 广式月饼礼盒传统中秋送礼多口味盒装豆沙蛋黄莲蓉640g中华老字号,杏花楼旗舰店
"京东超市
悠享时 中秋礼品 雪媚娘流心月饼礼盒 零食大礼包绿豆糕麻薯糕点心礼盒 休闲食品零食礼盒 中秋礼盒送礼佳品",148.00元,"京东超市
悠享时 中秋礼品 雪媚娘流心月饼礼盒 零食大礼包绿豆糕麻薯糕点心礼盒 休闲食品零食礼盒 中秋礼盒送礼佳品",YOTIME京东自营旗舰店
稻香村糕点月饼礼盒3000g老北京特产18种口味京八件年货团购福利零食品点心中华老字号中秋 稻香村1500g糕点礼盒3斤装,69.00元,稻香村糕点月饼礼盒3000g老北京特产18种口味京八件年货团购福利零食品点心中华老字号中秋 稻香村1500g糕点礼盒3斤装,香居园地方特产专营店
"京东超市
百草味 中秋月饼礼盒 中秋流心奶黄零食多口味盒装中秋礼盒礼品送礼 【低糖流心】欢歌乐舞礼盒400g",118.00元,"京东超市
百草味 中秋月饼礼盒 中秋流心奶黄零食多口味盒装中秋礼盒礼品送礼 【低糖流心】欢歌乐舞礼盒400g",百草味官方旗舰店
"京东超市
YOTIME 中秋礼品 月饼礼盒装 奶黄流心月饼广式月饼苏式月饼 蛋黄酥中秋 送礼佳品团购定制 花月团圆双层礼盒",239.00元,"京东超市
YOTIME 中秋礼品 月饼礼盒装 奶黄流心月饼广式月饼苏式月饼 蛋黄酥中秋 送礼佳品团购定制 花月团圆双层礼盒",YOTIME京东自营官方旗舰店
"京东超市
悠享时 中秋月饼礼盒装 广式月饼水果月饼三层铁盒670g 中秋节礼品 团购定制 中秋礼盒送礼佳品",239.00元,"京东超市
悠享时 中秋月饼礼盒装 广式月饼水果月饼三层铁盒670g 中秋节礼品 团购定制 中秋礼盒送礼佳品",YOTIME京东自营旗舰店
功德林【椒盐百果月饼】8只X80g 中秋苏式手工酥皮散装月饼 素食糕点 上海特产 中华老字 椒盐百果 8只装,76.00元,功德林【椒盐百果月饼】8只X80g 中秋苏式手工酥皮散装月饼 素食糕点 上海特产 中华老字 椒盐百果 8只装,功德林官方旗舰店
千丝老式广式月饼 500g整箱 莲蓉味凤梨味多口味中秋大礼包传统零食 P【新】 莲蓉味500g,9.90元,千丝老式广式月饼 500g整箱 莲蓉味凤梨味多口味中秋大礼包传统零食 P【新】 莲蓉味500g,零趣食品专营店
"京东超市
陶陶居六小福月饼礼盒390g广州低糖凤梨红豆沙酒家广式节日送礼",78.00元,"京东超市
陶陶居六小福月饼礼盒390g广州低糖凤梨红豆沙酒家广式节日送礼",陶陶居品牌京东自营旗舰店
"京东超市
陶陶居月饼广式蛋黄白莲蓉豆沙560g中秋广州送礼礼盒如意团圆",108.00元,"京东超市
陶陶居月饼广式蛋黄白莲蓉豆沙560g中秋广州送礼礼盒如意团圆",陶陶居品牌京东自营旗舰店
"京东超市
广州酒家 火山轻闲流心月饼礼盒400g/盒 广式月饼团购中秋节日送礼盒 火山轻闲流心礼盒400g",178.00元,"京东超市
广州酒家 火山轻闲流心月饼礼盒400g/盒 广式月饼团购中秋节日送礼盒 火山轻闲流心礼盒400g",广州酒家旗舰店
"京东超市
月饼 华美双黄纯白莲蓉月饼礼盒720g",138.00元,"京东超市
月饼 华美双黄纯白莲蓉月饼礼盒720g",华美京东自营旗舰店
月饼 月饼礼盒 稻香村月饼16饼12味蛋黄莲蓉五仁豆沙月饼中秋月饼大礼包 中秋礼贡礼1160g,189.00元,月饼 月饼礼盒 稻香村月饼16饼12味蛋黄莲蓉五仁豆沙月饼中秋月饼大礼包 中秋礼贡礼1160g,丹谊京东自营旗舰店
一品粤 双黄莲蓉月饼 蛋黄豆沙月饼 花满月月饼礼盒 传统广式中秋节礼品 蛋黄莲蓉125g*1,12.90元,一品粤 双黄莲蓉月饼 蛋黄豆沙月饼 花满月月饼礼盒 传统广式中秋节礼品 蛋黄莲蓉125g*1,珠江食品旗舰店
【顺丰到家】璟巢伯奢中秋月饼礼品盒装送礼多种口味网红散装流心奶黄手工团购定制中秋 百鸟朝凤双层礼盒装,188.00元,【顺丰到家】璟巢伯奢中秋月饼礼品盒装送礼多种口味网红散装流心奶黄手工团购定制中秋 百鸟朝凤双层礼盒装,璟巢食品官方旗舰店
"京东超市
月饼 月饼礼盒 稻香村月饼9饼9味竹篮礼盒蛋黄莲蓉五仁豆沙月饼中秋节礼品 稻香上品560g",59.90元,"京东超市
月饼 月饼礼盒 稻香村月饼9饼9味竹篮礼盒蛋黄莲蓉五仁豆沙月饼中秋节礼品 稻香上品560g",丹谊京东自营旗舰店
"京东超市
荣华月饼 广式中秋月饼锦福伴月礼盒 737g",159.00元,"京东超市
荣华月饼 广式中秋月饼锦福伴月礼盒 737g",荣华月饼京东自营旗舰店
月饼 月饼礼盒 稻香村月饼8饼200g酱鸭组合竹篮礼盒蛋黄莲蓉五仁豆沙传统月饼 中秋礼竹韵720g,89.90元,月饼 月饼礼盒 稻香村月饼8饼200g酱鸭组合竹篮礼盒蛋黄莲蓉五仁豆沙传统月饼 中秋礼竹韵720g,丹谊京东自营旗舰店
一品粤 双黄莲蓉月饼 蛋黄豆沙月饼 花满月月饼礼盒 传统广式中秋节礼品 【中秋好礼礼盒·蛋黄莲蓉】4饼432克,39.90元,一品粤 双黄莲蓉月饼 蛋黄豆沙月饼 花满月月饼礼盒 传统广式中秋节礼品 【中秋好礼礼盒·蛋黄莲蓉】4饼432克,珠江食品旗舰店
【顺丰冷运】猫山王榴莲冰皮月饼 中秋礼盒甜点伴手礼企业团购送礼 360g 6枚装,188.00元,【顺丰冷运】猫山王榴莲冰皮月饼 中秋礼盒甜点伴手礼企业团购送礼 360g 6枚装,中国特产·蒙阴馆
京东京造 天宫望月2021中秋月饼礼盒350g（6粒装）奶黄流心月饼 赠金丝皇菊,129.00元,京东京造 天宫望月2021中秋月饼礼盒350g（6粒装）奶黄流心月饼 赠金丝皇菊,京东京造官方自营旗舰店
"京东超市
米旗（Maky）月饼礼盒 低糖月饼9粒4味 中秋礼品团购福利",99.00元,"京东超市
米旗（Maky）月饼礼盒 低糖月饼9粒4味 中秋礼品团购福利",米旗京东自营旗舰店
"京东超市
荣华月饼 广式中秋月饼 传统五仁月饼礼盒装608g",149.00元,"京东超市
荣华月饼 广式中秋月饼 传统五仁月饼礼盒装608g",荣华月饼京东自营旗舰店
风味坐标 稻香村月饼礼盒 御品臻礼1008g 8味11饼 中秋节京式广式混合双蛋黄莲蓉五仁 京东出品,99.00元,风味坐标 稻香村月饼礼盒 御品臻礼1008g 8味11饼 中秋节京式广式混合双蛋黄莲蓉五仁 京东出品,风味坐标京东自营旗舰店
"京东超市
悠享时 中秋月饼礼盒自营 广式月饼豆沙月饼 中秋节礼品 蛋黄莲蓉月饼 自营 中秋礼盒送礼团购定制 鲤遇三层礼盒670g",229.00元,"京东超市
悠享时 中秋月饼礼盒自营 广式月饼豆沙月饼 中秋节礼品 蛋黄莲蓉月饼 自营 中秋礼盒送礼团购定制 鲤遇三层礼盒670g",YOTIME京东自营官方旗舰店
稻香村月饼礼盒 中秋节月饼中秋礼品礼盒 蛋黄莲蓉五仁豆沙广式月饼 散装组合装 （三层）上品金月1020g,199.00元,稻香村月饼礼盒 中秋节月饼中秋礼品礼盒 蛋黄莲蓉五仁豆沙广式月饼 散装组合装 （三层）上品金月1020g,贡生记京东自营旗舰店
"京东超市
金尊 冬蓉水果味125g散装中秋节送礼广式月饼企业团购员工福利",12.90元,"京东超市
金尊 冬蓉水果味125g散装中秋节送礼广式月饼企业团购员工福利",金尊京东自营旗舰店
"京东超市
金尊 双黄白莲蓉月饼150g散装中秋节送礼广式月饼企业团购员工福利",18.80元,"京东超市
金尊 双黄白莲蓉月饼150g散装中秋节送礼广式月饼企业团购员工福利",金尊京东自营旗舰店
"京东超市
金尊 陈皮豆沙月饼132g散装中秋节送礼广式月饼企业团购员工福利",17.50元,"京东超市
金尊 陈皮豆沙月饼132g散装中秋节送礼广式月饼企业团购员工福利",金尊京东自营旗舰店
"京东超市
金尊 豆沙月饼125g散装中秋节送礼广式月饼企业团购员工福利",12.90元,"京东超市
金尊 豆沙月饼125g散装中秋节送礼广式月饼企业团购员工福利",金尊京东自营旗舰店
"京东超市
金尊 五仁月饼132g散装中秋节送礼广式月饼企业团购员工福利",17.50元,"京东超市
金尊 五仁月饼132g散装中秋节送礼广式月饼企业团购员工福利",金尊京东自营旗舰店
功德林 月饼散装多口味中秋苏式月饼五仁老式手工传统老式糕点 早餐饼 上海特产 中华老字号 五仁正果 1只装,11.00元,功德林 月饼散装多口味中秋苏式月饼五仁老式手工传统老式糕点 早餐饼 上海特产 中华老字号 五仁正果 1只装,功德林官方旗舰店
功德林 月饼散装多口味中秋苏式月饼五仁老式手工传统老式糕点 早餐饼 上海特产 中华老字号 玫瑰细沙 1只装,7.50元,功德林 月饼散装多口味中秋苏式月饼五仁老式手工传统老式糕点 早餐饼 上海特产 中华老字号 玫瑰细沙 1只装,功德林官方旗舰店
功德林 月饼散装多口味中秋苏式月饼五仁老式手工传统老式糕点 早餐饼 上海特产 中华老字号 桃仁黑麻 1只装,9.20元,功德林 月饼散装多口味中秋苏式月饼五仁老式手工传统老式糕点 早餐饼 上海特产 中华老字号 桃仁黑麻 1只装,功德林官方旗舰店
功德林 月饼散装多口味中秋苏式月饼五仁老式手工传统老式糕点 早餐饼 上海特产 中华老字号 五仁玫瑰 1只装,11.60元,功德林 月饼散装多口味中秋苏式月饼五仁老式手工传统老式糕点 早餐饼 上海特产 中华老字号 五仁玫瑰 1只装,功德林官方旗舰店
"京东超市
月饼 稻香村月饼礼盒稻香盛世1225g中秋节礼盒送人团购",99.00元,"京东超市
月饼 稻香村月饼礼盒稻香盛世1225g中秋节礼盒送人团购",稻香村京东自营专卖店
润之禧竹篮 月饼礼盒装 中秋节流心月饼礼品8饼8味1茶1鸭 酱鸭洛神花茶 蛋黄莲蓉礼盒团购 方竹篮C款-8饼1鸭1洛神花-715g,43.90元,润之禧竹篮 月饼礼盒装 中秋节流心月饼礼品8饼8味1茶1鸭 酱鸭洛神花茶 蛋黄莲蓉礼盒团购 方竹篮C款-8饼1鸭1洛神花-715g,润之禧旗舰店
【6枚装】流心奶黄月饼 月饼礼盒广式奶黄流心月饼港式中秋节送礼礼品批发送员工企业团购送礼 55g*6/盒装,43.50元,【6枚装】流心奶黄月饼 月饼礼盒广式奶黄流心月饼港式中秋节送礼礼品批发送员工企业团购送礼 55g*6/盒装,候彩食品专营店
五芳斋 月饼礼盒装 中秋月饼礼盒9饼9味蛋黄莲蓉红豆沙五仁巧克力中秋送礼品团购批发定制企业福利,58.90元,五芳斋 月饼礼盒装 中秋月饼礼盒9饼9味蛋黄莲蓉红豆沙五仁巧克力中秋送礼品团购批发定制企业福利,中农生鲜专营店
"京东超市
北京稻香村 月饼礼盒 中秋节礼品 木质礼盒 京秋月圆730g（9饼9味）",179.00元,"京东超市
北京稻香村 月饼礼盒 中秋节礼品 木质礼盒 京秋月圆730g（9饼9味）",北京稻香村京东自营旗舰店
米旗低糖月饼礼盒装500g 莲蓉多口味中秋节员工送礼品团购,76.90元,米旗低糖月饼礼盒装500g 莲蓉多口味中秋节员工送礼品团购,米旗食品官方旗舰店
"京东超市
月饼 月饼礼盒 稻香村月饼高档三层铁盒蛋黄莲蓉流心奶黄蛋黄酥月饼中秋大礼包手提篮高档礼盒 中秋礼贡礼1160g",179.00元,"京东超市
月饼 月饼礼盒 稻香村月饼高档三层铁盒蛋黄莲蓉流心奶黄蛋黄酥月饼中秋大礼包手提篮高档礼盒 中秋礼贡礼1160g",五谷煮意京东自营旗舰店
五芳斋 中秋节竹篮月饼礼盒装 广式蛋黄莲蓉月饼员工福利礼篮子福满欢沁 福满月饼礼篮520克（单层）,79.90元,五芳斋 中秋节竹篮月饼礼盒装 广式蛋黄莲蓉月饼员工福利礼篮子福满欢沁 福满月饼礼篮520克（单层）,五芳斋官方旗舰店
嘉华 月饼 合家欢礼盒1040g 滇式中秋火腿月饼礼盒礼品 云南地方特色休闲零食美食糕点,138.00元,嘉华 月饼 合家欢礼盒1040g 滇式中秋火腿月饼礼盒礼品 云南地方特色休闲零食美食糕点,云南嘉华食品旗舰店
五仁月饼老式吃的传统点心糕点类手工广式月饼五仁批发180g-2500g 五斤装26个/2500g 五仁,58.80元,五仁月饼老式吃的传统点心糕点类手工广式月饼五仁批发180g-2500g 五斤装26个/2500g 五仁,新易休闲食品专营店
老大房 南区 鲜肉月饼 上海特产 手工苏式酥皮 中秋月饼 新鲜直送 真空9只装,69.00元,老大房 南区 鲜肉月饼 上海特产 手工苏式酥皮 中秋月饼 新鲜直送 真空9只装,老大房旗舰店
五芳斋 中秋节广式三层抽屉月饼礼盒 双黄莲蓉酱鸭 五芳丰月 礼盒1180g(9只饼+300g酱鸭*1),169.90元,五芳斋 中秋节广式三层抽屉月饼礼盒 双黄莲蓉酱鸭 五芳丰月 礼盒1180g(9只饼+300g酱鸭*1),五芳斋官方旗舰店
五仁月饼老式吃的传统点心糕点类手工广式月饼五仁批发180g-2500g 三斤装15个/1480g 五仁,39.20元,五仁月饼老式吃的传统点心糕点类手工广式月饼五仁批发180g-2500g 三斤装15个/1480g 五仁,新易休闲食品专营店
北京稻香村 广式莲蓉双黄 散装月饼120g （单块装）,22.50元,北京稻香村 广式莲蓉双黄 散装月饼120g （单块装）,北京稻香村官方旗舰店
五仁月饼老式吃的传统点心糕点类手工广式月饼五仁批发180g-2500g 一斤装5个/480g 五仁,16.80元,五仁月饼老式吃的传统点心糕点类手工广式月饼五仁批发180g-2500g 一斤装5个/480g 五仁,新易休闲食品专营店
五仁月饼老式吃的传统点心糕点类手工广式月饼五仁批发180g-2500g 四斤装21个/2000g 五仁,50.40元,五仁月饼老式吃的传统点心糕点类手工广式月饼五仁批发180g-2500g 四斤装21个/2000g 五仁,新易休闲食品专营店
唐朴中秋节月饼礼盒 桃山皮留心月饼糕点礼盒送礼佳品 企业团购送礼中秋礼品 中秋映月礼盒,156.00元,唐朴中秋节月饼礼盒 桃山皮留心月饼糕点礼盒送礼佳品 企业团购送礼中秋礼品 中秋映月礼盒,唐朴旗舰店
"京东超市
刻凡广式月饼360g蛋黄豆沙中秋月饼礼盒",12.90元,"京东超市
刻凡广式月饼360g蛋黄豆沙中秋月饼礼盒",刻凡（cafine）京东自营旗舰店
"京东超市
上海 冠生园 月饼礼盒 秋日思语 豆沙水果味广式月饼 600g",99.00元,"京东超市
上海 冠生园 月饼礼盒 秋日思语 豆沙水果味广式月饼 600g",冠生园京东自营旗舰店
"京东超市
上海 冠生园 月饼礼盒 豆沙 椰蓉 莲蓉 广式月饼 花香沁月月饼 450g",89.00元,"京东超市
上海 冠生园 月饼礼盒 豆沙 椰蓉 莲蓉 广式月饼 花香沁月月饼 450g",冠生园京东自营旗舰店
金建新 广式五仁月饼老式礼盒装火腿大月饼中秋节伍仁金腿叉烧蛋黄白莲蓉礼品2 3 4斤装 铁盒 2 斤 伍仁金腿大/盒,110.00元,金建新 广式五仁月饼老式礼盒装火腿大月饼中秋节伍仁金腿叉烧蛋黄白莲蓉礼品2 3 4斤装 铁盒 2 斤 伍仁金腿大/盒,金建新食品旗舰店
"京东超市
月饼 华美流心奶黄中秋月饼礼盒400g",199.00元,"京东超市
月饼 华美流心奶黄中秋月饼礼盒400g",华美京东自营旗舰店
"京东超市
月饼礼盒 华美尊礼中秋月饼三层礼盒1580g",428.00元,"京东超市
月饼礼盒 华美尊礼中秋月饼三层礼盒1580g",华美京东自营旗舰店
中秋节无糖精月饼礼盒中秋无添加蔗糖糖醇月饼点心糕点 糖醇华礼960g,188.00元,中秋节无糖精月饼礼盒中秋无添加蔗糖糖醇月饼点心糕点 糖醇华礼960g,粮领鲜京东自营旗舰店
华美月饼 中秋月饼礼盒 广式月饼蛋黄双黄白莲蓉月饼 企业团购送礼批发 双黄白莲蓉720g(礼盒装赠礼袋),99.90元,华美月饼 中秋月饼礼盒 广式月饼蛋黄双黄白莲蓉月饼 企业团购送礼批发 双黄白莲蓉720g(礼盒装赠礼袋),泰宏源食品专营店
"京东超市
迪士尼 DISNEY 麻吉月饼礼盒中秋节送礼企业团购360g",119.00元,"京东超市
迪士尼 DISNEY 麻吉月饼礼盒中秋节送礼企业团购360g",六合信（hopes）京东自营旗舰店
杏花楼中华老字号 福月宝月饼礼盒中秋送礼多口味高颜值480g,93.10元,杏花楼中华老字号 福月宝月饼礼盒中秋送礼多口味高颜值480g,杏花楼旗舰店
北京 稻香村 月饼礼盒 印象北京中秋月饼745g（9饼7味）,139.00元,北京 稻香村 月饼礼盒 印象北京中秋月饼745g（9饼7味）,北京稻香村官方旗舰店
"京东超市
广州酒家 岭南佳果月饼礼盒600g 12个装 中秋月饼礼盒 水果月饼 草莓 金桔 香芒 凤梨 中秋送礼 员工福利",232.00元,"京东超市
广州酒家 岭南佳果月饼礼盒600g 12个装 中秋月饼礼盒 水果月饼 草莓 金桔 香芒 凤梨 中秋送礼 员工福利",广州酒家京东自营旗舰店
"京东超市
广州酒家 轻悦低糖月饼礼盒540g 中秋月饼 低糖健康 中秋送礼",168.00元,"京东超市
广州酒家 轻悦低糖月饼礼盒540g 中秋月饼 低糖健康 中秋送礼",广州酒家京东自营旗舰店
江南状元 流心奶黄月饼礼盒中秋节送礼港式蛋黄小月饼独立包装400g 流心奶黄礼盒（50g*8只）,58.80元,江南状元 流心奶黄月饼礼盒中秋节送礼港式蛋黄小月饼独立包装400g 流心奶黄礼盒（50g*8只）,江南状元官方旗舰店
"京东超市
月饼 东望洋旺月聚福双黄莲蓉什锦口味中秋广式台式月饼礼盒820g（9饼9味手提罐）",79.90元,"京东超市
月饼 东望洋旺月聚福双黄莲蓉什锦口味中秋广式台式月饼礼盒820g（9饼9味手提罐）",东望洋食品京东自营旗舰店
"京东超市
月饼 东望洋流心榴莲月饼台式桃山皮中秋月饼礼盒360g",79.90元,"京东超市
月饼 东望洋流心榴莲月饼台式桃山皮中秋月饼礼盒360g",东望洋食品京东自营旗舰店
华美月饼礼盒装广式蛋黄莲蓉豆沙月饼散装多口味中秋节团购送礼品 推荐-金月秋韵/9饼9味510G,32.90元,华美月饼礼盒装广式蛋黄莲蓉豆沙月饼散装多口味中秋节团购送礼品 推荐-金月秋韵/9饼9味510G,润禧食品专营店
【嘉兴馆】禾滋斋 传统广式双黄蛋黄莲蓉月饼200g经典中秋节散装多口味员工送礼盒装团购 200克双蛋黄莲蓉*1,19.90元,【嘉兴馆】禾滋斋 传统广式双黄蛋黄莲蓉月饼200g经典中秋节散装多口味员工送礼盒装团购 200克双蛋黄莲蓉*1,中国特产·嘉兴馆
稻香村月饼礼盒中秋节礼品蛋黄莲蓉京式五仁送礼企业团购高端 上品典礼1040g三层,120.00元,稻香村月饼礼盒中秋节礼品蛋黄莲蓉京式五仁送礼企业团购高端 上品典礼1040g三层,称心礼易食品专营店
【嘉兴馆】禾滋斋 传统广式双黄蛋黄莲蓉月饼200g经典中秋节散装多口味员工送礼盒装团购 200克双蛋黄莲蓉*8,99.90元,【嘉兴馆】禾滋斋 传统广式双黄蛋黄莲蓉月饼200g经典中秋节散装多口味员工送礼盒装团购 200克双蛋黄莲蓉*8,中国特产·嘉兴馆
"京东超市
月饼 稻香村月饼礼盒中秋喜团圆550g",108.00元,"京东超市
月饼 稻香村月饼礼盒中秋喜团圆550g",稻香村自营官方旗舰店
稻香村月饼礼盒装\/月饼券五仁月饼中秋节礼品礼盒节庆食品送礼佳品团购 上品金月礼盒,158.00元,稻香村月饼礼盒装\/月饼券五仁月饼中秋节礼品礼盒节庆食品送礼佳品团购 上品金月礼盒,沃滋食品专营店
木糖醇无蔗糖月饼五仁黑芝麻多口味零食品中老年老式礼盒糖尿病人 无蔗糖随机5个,19.90元,木糖醇无蔗糖月饼五仁黑芝麻多口味零食品中老年老式礼盒糖尿病人 无蔗糖随机5个,瑞富昇官方旗舰店
【30枚】广式莲蓉蛋黄小月饼豆沙月饼糕点心零食批发中秋送礼盒装 【蛋黄+豆沙+五仁】混合口味装 【买15送15】共30个,32.20元,【30枚】广式莲蓉蛋黄小月饼豆沙月饼糕点心零食批发中秋送礼盒装 【蛋黄+豆沙+五仁】混合口味装 【买15送15】共30个,新易休闲食品专营店
【30枚】广式莲蓉蛋黄小月饼豆沙月饼糕点心零食批发中秋送礼盒装 【豆沙蛋黄】 【买15送15】共30个,32.20元,【30枚】广式莲蓉蛋黄小月饼豆沙月饼糕点心零食批发中秋送礼盒装 【豆沙蛋黄】 【买15送15】共30个,新易休闲食品专营店
"京东超市
红塔 纸包云腿月饼 迷你火腿小月饼 云南老字号 传统糕点饼干滇式宣威火腿中秋送礼300g 约9-10枚",32.60元,"京东超市
红塔 纸包云腿月饼 迷你火腿小月饼 云南老字号 传统糕点饼干滇式宣威火腿中秋送礼300g 约9-10枚",红塔牌京东自营旗舰店
"京东超市
阿尔发 无糖月饼 6口味 中秋月饼 月饼礼盒 五仁月饼 糖尿病人食品零食 360g/盒",39.90元,"京东超市
阿尔发 无糖月饼 6口味 中秋月饼 月饼礼盒 五仁月饼 糖尿病人食品零食 360g/盒",阿尔发京东自营旗舰店
"京东超市
功德林 中秋苏式素月饼礼盒 功德静缘（上海味道）640g 上海特产 中华老字号",168.00元,"京东超市
功德林 中秋苏式素月饼礼盒 功德静缘（上海味道）640g 上海特产 中华老字号",功德林京东自营旗舰店
吉庆祥中华老字号 云腿白饼|云腿红饼|云腿蛋黄|云腿月饼 中秋送礼休闲糕点零食滇式散装系列 云腿散装50克X20枚,79.00元,吉庆祥中华老字号 云腿白饼|云腿红饼|云腿蛋黄|云腿月饼 中秋送礼休闲糕点零食滇式散装系列 云腿散装50克X20枚,吉庆祥官方旗舰店
潘祥记云腿月饼50g*20枚散装月饼云南特产滇式火腿月饼中秋月饼礼盒送礼 云腿蛋黄50g*20枚（散装）,89.00元,潘祥记云腿月饼50g*20枚散装月饼云南特产滇式火腿月饼中秋月饼礼盒送礼 云腿蛋黄50g*20枚（散装）,潘祥记旗舰店
"京东超市
悠享时 中秋节月饼礼盒 立体画国潮奔月礼盒460g 中秋月饼 蛋黄广式 中秋礼品团购定制 送礼佳品",158.00元,"京东超市
悠享时 中秋节月饼礼盒 立体画国潮奔月礼盒460g 中秋月饼 蛋黄广式 中秋礼品团购定制 送礼佳品",YOTIME京东自营旗舰店
诺梵中秋巧克力夹心月饼礼盒送礼品315g,109.00元,诺梵中秋巧克力夹心月饼礼盒送礼品315g,诺梵京东自营旗舰店
"京东超市
上海 冠生园 生牌五仁月饼 广式月饼 散装 单个80g",13.80元,"京东超市
上海 冠生园 生牌五仁月饼 广式月饼 散装 单个80g",冠生园京东自营旗舰店
北京稻香村 月饼礼盒 中秋节礼品月饼 团购送礼 团圆中秋 610g（9饼9味）,119.00元,北京稻香村 月饼礼盒 中秋节礼品月饼 团购送礼 团圆中秋 610g（9饼9味）,北京稻香村官方旗舰店
【尝鲜价】稻香村京式枣泥月饼400gx2罐(10块)浆皮中秋月饼传统糕点,39.00元,【尝鲜价】稻香村京式枣泥月饼400gx2罐(10块)浆皮中秋月饼传统糕点,联合嘉诚食品专营店
"京东超市
上海 冠生园 香浓椰蓉月饼 广式月饼 散装 单个80g",12.80元,"京东超市
上海 冠生园 香浓椰蓉月饼 广式月饼 散装 单个80g",冠生园京东自营旗舰店
"京东超市
稻香村糕点浓情花语酥皮苏式月饼广式蛋黄莲蓉传统老五仁豆沙馅礼盒装零食",49.90元,"京东超市
稻香村糕点浓情花语酥皮苏式月饼广式蛋黄莲蓉传统老五仁豆沙馅礼盒装零食",雨多田光旗舰店
"京东超市
稻香村 双黄莲蓉中秋月饼礼盒800g",188.00元,"京东超市
稻香村 双黄莲蓉中秋月饼礼盒800g",稻香村自营官方旗舰店
新益号 中秋云腿月饼云南特产宣威火腿蛋黄月饼 滇式酥皮月饼团购送礼 精制云腿10枚X80克/散装,49.80元,新益号 中秋云腿月饼云南特产宣威火腿蛋黄月饼 滇式酥皮月饼团购送礼 精制云腿10枚X80克/散装,新购茶叶专营店
"京东超市
元祖月饼礼盒 中秋铁盒装台式蛋黄枣泥礼品中秋节送礼团购 花伴月11饼3味 铁盒装",183.03元,"京东超市
元祖月饼礼盒 中秋铁盒装台式蛋黄枣泥礼品中秋节送礼团购 花伴月11饼3味 铁盒装",元祖旗舰店
"京东超市
华美 享月月饼礼盒蛋黄莲蓉中秋月饼大礼包1000g",208.00元,"京东超市
华美 享月月饼礼盒蛋黄莲蓉中秋月饼大礼包1000g",华美京东自营旗舰店
"京东超市
御厨坊上品饼礼月饼礼盒 广式京式蛋黄白莲蓉640g中秋节送礼员工福利",18.18元,"京东超市
御厨坊上品饼礼月饼礼盒 广式京式蛋黄白莲蓉640g中秋节送礼员工福利",御厨坊官方京东自营旗舰店
"京东超市
金九月饼 蛋黄白莲蓉 吴川中秋月饼礼盒装700g",128.00元,"京东超市
金九月饼 蛋黄白莲蓉 吴川中秋月饼礼盒装700g",金九京东自营旗舰店
"京东超市
月饼 华美祝福心意月饼礼盒1000g蛋黄莲蓉广式月饼中秋送礼团购",118.00元,"京东超市
月饼 华美祝福心意月饼礼盒1000g蛋黄莲蓉广式月饼中秋送礼团购",华美京东自营旗舰店
元朗 流心月饼礼盒 奶黄流沙蛋黄黑松露 广东广州港式中秋节高档送礼食品 流心奶黄300g,172.00元,元朗 流心月饼礼盒 奶黄流沙蛋黄黑松露 广东广州港式中秋节高档送礼食品 流心奶黄300g,元朗食品旗舰店
"京东超市
广州酒家月饼月送好礼礼盒广式多口味蛋黄白莲蓉红豆沙中秋节日送礼团购铁盒 420g月送好礼【4个饼】",88.00元,"京东超市
广州酒家月饼月送好礼礼盒广式多口味蛋黄白莲蓉红豆沙中秋节日送礼团购铁盒 420g月送好礼【4个饼】",瀚进食品专营店
广州陶陶居酒家 中华老字号中秋月饼礼盒装 手工老广式正宗双蛋黄白莲蓉月饼铁盒装送礼佳品企业团购送礼 如意团圆560G,108.00元,广州陶陶居酒家 中华老字号中秋月饼礼盒装 手工老广式正宗双蛋黄白莲蓉月饼铁盒装送礼佳品企业团购送礼 如意团圆560G,陶陶居食品官方旗舰店
"京东超市
月饼礼盒 乾生元 颂月苏香 2味8饼苏式月饼480g中秋月饼礼盒企业团购员工福利",39.90元,"京东超市
月饼礼盒 乾生元 颂月苏香 2味8饼苏式月饼480g中秋月饼礼盒企业团购员工福利",乾生元京东自营专区
"京东超市
米旗（Maky）月饼 黑芝麻月饼1粒装",6.00元,"京东超市
米旗（Maky）月饼 黑芝麻月饼1粒装",米旗京东自营旗舰店
"京东超市
悠享时 苏式月饼礼盒装 星球酥荷花酥糕点礼盒 雪媚娘蛋黄酥奶黄流心酥皮 中秋礼盒送礼佳品团购定制 星球酥礼盒 585g",159.00元,"京东超市
悠享时 苏式月饼礼盒装 星球酥荷花酥糕点礼盒 雪媚娘蛋黄酥奶黄流心酥皮 中秋礼盒送礼佳品团购定制 星球酥礼盒 585g",悠享时yotime旗舰店
潘祥记中秋月饼礼盒合家福1040g/盒8味32枚火腿月饼广式蛋黄豆沙云腿月饼送礼,99.00元,潘祥记中秋月饼礼盒合家福1040g/盒8味32枚火腿月饼广式蛋黄豆沙云腿月饼送礼,潘祥记旗舰店
"京东超市
朕的心意故宫食品 中秋月饼礼盒 圆盒甲第迎祥 400g",468.00元,"京东超市
朕的心意故宫食品 中秋月饼礼盒 圆盒甲第迎祥 400g",朕的心意故宫食品京东自营旗舰店
米旗法式乳酪月饼礼盒装6粒390g 手工酥皮奶酪多口味非散装中秋节员工送礼礼品团购,86.90元,米旗法式乳酪月饼礼盒装6粒390g 手工酥皮奶酪多口味非散装中秋节员工送礼礼品团购,米旗食品官方旗舰店
"京东超市
朕的心意故宫食品 中秋月饼礼盒 圆盒扶摇 400g",488.00元,"京东超市
朕的心意故宫食品 中秋月饼礼盒 圆盒扶摇 400g",朕的心意故宫食品京东自营旗舰店
盛园祥中秋冰皮月饼糕点12枚礼盒礼品套装 冰之恋 480g 冰之恋 多口味组合,48.00元,盛园祥中秋冰皮月饼糕点12枚礼盒礼品套装 冰之恋 480g 冰之恋 多口味组合,禅莲生鲜专营店
【嘉兴馆】禾滋斋 月饼礼盒装9饼9味530g中秋节送礼品桃山皮彩皮燕窝流心奶黄团购企业定制,65.90元,【嘉兴馆】禾滋斋 月饼礼盒装9饼9味530g中秋节送礼品桃山皮彩皮燕窝流心奶黄团购企业定制,中国特产·嘉兴馆
"京东超市
月饼礼盒 金尊 喜悦濠礼8味16饼1030g三层礼盒中秋节送礼广式月饼企业团购员工福利",118.00元,"京东超市
月饼礼盒 金尊 喜悦濠礼8味16饼1030g三层礼盒中秋节送礼广式月饼企业团购员工福利",金尊京东自营旗舰店
华美月饼 广式月饼礼盒装 9饼9味 510g多口味中秋节蛋黄莲蓉传统散装团购送礼 国潮蓝系-金月秋韵/9饼9味510g,39.90元,华美月饼 广式月饼礼盒装 9饼9味 510g多口味中秋节蛋黄莲蓉传统散装团购送礼 国潮蓝系-金月秋韵/9饼9味510g,润韬食品专营店
"京东超市
月饼礼盒 金尊 蛋黄五仁600g中秋节送礼广式月饼企业团购员工福利",65.90元,"京东超市
月饼礼盒 金尊 蛋黄五仁600g中秋节送礼广式月饼企业团购员工福利",金尊京东自营旗舰店
"京东超市
猫山王榴莲月饼冰皮水果月饼中秋礼品送礼中秋礼盒中秋节月饼礼盒团购福利 猫山王6块装",198.00元,"京东超市
猫山王榴莲月饼冰皮水果月饼中秋礼品送礼中秋礼盒中秋节月饼礼盒团购福利 猫山王6块装",新馋派京东自营旗舰店
"京东超市
YOTIME 中秋高端月饼礼盒 广式月饼网红桃山月饼雪媚娘糕点心集锦礼盒1130g 送礼佳品团购",529.00元,"京东超市
YOTIME 中秋高端月饼礼盒 广式月饼网红桃山月饼雪媚娘糕点心集锦礼盒1130g 送礼佳品团购",YOTIME京东自营旗舰店
"京东超市
品佳品 喜福团圆9饼9味月饼805g零食饼干糕点面包广式稻香风味中华品质美名流传村村心动中秋礼盒装",39.60元,"京东超市
品佳品 喜福团圆9饼9味月饼805g零食饼干糕点面包广式稻香风味中华品质美名流传村村心动中秋礼盒装",品佳品官方京东自营旗舰店
"京东超市
冰皮月饼礼盒 金尊 趣趣冰皮常温5味10饼600g中秋节送礼广式月饼企业团购员工福利",106.00元,"京东超市
冰皮月饼礼盒 金尊 趣趣冰皮常温5味10饼600g中秋节送礼广式月饼企业团购员工福利",金尊京东自营旗舰店
日月坊老五仁月饼广式传统中秋手工糕点散装礼盒500克 精品五仁月饼500克（买2送1）,12.80元,日月坊老五仁月饼广式传统中秋手工糕点散装礼盒500克 精品五仁月饼500克（买2送1）,日月坊旗舰店
中秋月饼广式五仁黑芝麻多口味送礼月饼早餐休闲糕点 广式五仁 5个约500g,11.50元,中秋月饼广式五仁黑芝麻多口味送礼月饼早餐休闲糕点 广式五仁 5个约500g,瑞富昇食品专营店
朕的心意故宫食品中秋节月饼礼盒锦盒·金莳 350g 国潮文创礼包企业团购定制,298.00元,朕的心意故宫食品中秋节月饼礼盒锦盒·金莳 350g 国潮文创礼包企业团购定制,首粮坚果零食京东自营旗舰店
"京东超市
北京稻香村 广式金丝枣蓉 散装月饼 110g （单块装）",15.00元,"京东超市
北京稻香村 广式金丝枣蓉 散装月饼 110g （单块装）",北京稻香村官方旗舰店
荣华广式月饼蛋黄白莲蓉多口味员工团购福利送礼礼盒装 缤纷月390g,69.00元,荣华广式月饼蛋黄白莲蓉多口味员工团购福利送礼礼盒装 缤纷月390g,创想时代食品专营店
中秋广式月饼100g 蛋黄莲蓉豆沙黑芝麻伍仁老式五仁水果多口味散装团购批发食品 豆沙100g,2.80元,中秋广式月饼100g 蛋黄莲蓉豆沙黑芝麻伍仁老式五仁水果多口味散装团购批发食品 豆沙100g,桃潭兰花旗舰店
月饼 稻香村月饼礼盒 中秋礼品广式蛋黄莲蓉饼多口味组合装 公司团购员工福利 团圆之礼400g,59.80元,月饼 稻香村月饼礼盒 中秋礼品广式蛋黄莲蓉饼多口味组合装 公司团购员工福利 团圆之礼400g,荣汇胜方食品专营店
"京东超市
北京稻香村 稻田日记 月饼礼盒中秋节送礼礼品 立春 （9饼6味）",239.00元,"京东超市
北京稻香村 稻田日记 月饼礼盒中秋节送礼礼品 立春 （9饼6味）",北京稻香村京东自营旗舰店
"京东超市
功德林 无添加蔗糖月饼礼盒470g 中秋苏式素月饼礼盒 上海特产 中华老字号",158.00元,"京东超市
功德林 无添加蔗糖月饼礼盒470g 中秋苏式素月饼礼盒 上海特产 中华老字号",功德林京东自营旗舰店
老母家五仁月饼白山靖宇厂家直发传统糕点豆沙黑芝麻枣泥散装多口味中秋老式月饼礼盒团购采购员工福利 精品五仁450g，4块/袋,19.90元,老母家五仁月饼白山靖宇厂家直发传统糕点豆沙黑芝麻枣泥散装多口味中秋老式月饼礼盒团购采购员工福利 精品五仁450g，4块/袋,老母家食品官方旗舰店
五仁金腿大月饼 广式手工传统五仁月饼礼盒广东吴川特产伍仁金腿 五仁叉烧月饼1斤/2斤/3斤大饼 【老客推荐】竹园岛伍仁金腿大2斤,166.00元,五仁金腿大月饼 广式手工传统五仁月饼礼盒广东吴川特产伍仁金腿 五仁叉烧月饼1斤/2斤/3斤大饼 【老客推荐】竹园岛伍仁金腿大2斤,喜心食品专营店
高州鸿福加头五仁月饼600g老式传统广东特产糕点零食茂名中秋广式月饼【哼嘟】 一袋4个，共600克,42.90元,高州鸿福加头五仁月饼600g老式传统广东特产糕点零食茂名中秋广式月饼【哼嘟】 一袋4个，共600克,吧唧嘴食品专营店
【裕达旗舰店】裕达月饼伍仁金腿大饼湛江特色吴川中秋五仁月饼礼盒1斤500装广式 1斤伍仁金腿,72.00元,【裕达旗舰店】裕达月饼伍仁金腿大饼湛江特色吴川中秋五仁月饼礼盒1斤500装广式 1斤伍仁金腿,裕达旗舰店
"京东超市
滇园 滇式云腿+蛋黄月饼云南特产糕点美食 30g*20枚礼袋",49.80元,"京东超市
滇园 滇式云腿+蛋黄月饼云南特产糕点美食 30g*20枚礼袋",滇园食品京东自营旗舰店
香港天地壹品 叉烧五仁月饼185g 手工老式金腿伍仁散装广式中秋传统 叉烧金腿五仁185克*1 4个,67.00元,香港天地壹品 叉烧五仁月饼185g 手工老式金腿伍仁散装广式中秋传统 叉烧金腿五仁185克*1 4个,天地壹品食品旗舰店
潘祥记云腿月饼礼盒合家欢960g火腿月饼4味32枚中秋滇式月饼送礼,89.00元,潘祥记云腿月饼礼盒合家欢960g火腿月饼4味32枚中秋滇式月饼送礼,潘祥记旗舰店
"京东超市
北京稻香村 稻田日记 月饼礼盒中秋节送礼礼品 皮质圆盒 立秋",499.00元,"京东超市
北京稻香村 稻田日记 月饼礼盒中秋节送礼礼品 皮质圆盒 立秋",北京稻香村京东自营旗舰店
"京东超市
【现货】香港美心月饼 流心奶黄月饼礼盒360g 港式中秋月饼礼盒伴手礼团购 美心流心奶黄360g",318.00元,"京东超市
【现货】香港美心月饼 流心奶黄月饼礼盒360g 港式中秋月饼礼盒伴手礼团购 美心流心奶黄360g",嘉铭桐辰官方旗舰店
【郭师傅旗舰店】叉烧皇五仁月饼广式传统五仁月饼月饼礼盒装广式酥皮月饼中秋送礼员工团购惠州手信厂家直发,75.00元,【郭师傅旗舰店】叉烧皇五仁月饼广式传统五仁月饼月饼礼盒装广式酥皮月饼中秋送礼员工团购惠州手信厂家直发,郭师傅旗舰店
"京东超市
诺梵巧克力夹心月饼多口味中秋节礼盒公司团购送礼流金逐月315g",109.00元,"京东超市
诺梵巧克力夹心月饼多口味中秋节礼盒公司团购送礼流金逐月315g",诺梵京东自营旗舰店
中国香港美心月饼 盛意奶黄月饼礼盒中秋团购月饼礼盒270g,278.00元,中国香港美心月饼 盛意奶黄月饼礼盒中秋团购月饼礼盒270g,食人谷旗舰店
华美月饼 广式月饼礼盒装 9饼9味 510g多口味中秋节蛋黄莲蓉传统散装团购送礼 红色款-诚挚情意*2盒-1020g,64.90元,华美月饼 广式月饼礼盒装 9饼9味 510g多口味中秋节蛋黄莲蓉传统散装团购送礼 红色款-诚挚情意*2盒-1020g,润韬食品专营店
"京东超市
秋香 幸福来刷脸月饼礼盒 800g 中秋过节送礼苏氏月饼山东老字号枣泥红豆五仁七彩八宝",39.90元,"京东超市
秋香 幸福来刷脸月饼礼盒 800g 中秋过节送礼苏氏月饼山东老字号枣泥红豆五仁七彩八宝",秋香京东自营旗舰店
"京东超市
秋香 常回家看看 月饼礼盒（4味8饼）400g 中秋团圆节日送礼",54.90元,"京东超市
秋香 常回家看看 月饼礼盒（4味8饼）400g 中秋团圆节日送礼",秋香京东自营旗舰店
"京东超市
秋香 无添加蔗糖月饼礼盒（4味20饼）1000g 中秋团圆送礼",69.90元,"京东超市
秋香 无添加蔗糖月饼礼盒（4味20饼）1000g 中秋团圆送礼",秋香京东自营旗舰店
"京东超市
福临门中粮礼盒中秋月饼高端礼品送礼中秋节月饼零食坚果干菌杂粮特级初榨橄榄油礼盒大礼包团购福利 吉祥心选5471g+1500ml",498.00元,"京东超市
福临门中粮礼盒中秋月饼高端礼品送礼中秋节月饼零食坚果干菌杂粮特级初榨橄榄油礼盒大礼包团购福利 吉祥心选5471g+1500ml",新馋派京东自营旗舰店
稻香村月饼礼盒中秋节广式月饼蛋黄莲蓉五仁豆沙多种口味月饼礼品礼盒 稻香典礼650礼盒,49.90元,稻香村月饼礼盒中秋节广式月饼蛋黄莲蓉五仁豆沙多种口味月饼礼品礼盒 稻香典礼650礼盒,曹县博雅食品专营店
【2件5折】稻香村月饼礼盒 2021年新款 稻香花语典藏手提礼盒（6饼3味）,68.90元,【2件5折】稻香村月饼礼盒 2021年新款 稻香花语典藏手提礼盒（6饼3味）,热购联华食品旗舰店
故宫文化|祥禾饽饽铺联名紫禁和合喜饼 中秋节日礼品中式月饼礼盒中秋礼盒员工福利企业团购 繁花似锦款 紫禁和合喜饼-繁花似锦276g/盒,68.00元,故宫文化|祥禾饽饽铺联名紫禁和合喜饼 中秋节日礼品中式月饼礼盒中秋礼盒员工福利企业团购 繁花似锦款 紫禁和合喜饼-繁花似锦276g/盒,祥禾饽饽铺官方旗舰店
"京东超市
知味观 榨菜鲜肉味现烤酥饼 300g 6只 烘焙面点 速冻面点 酥饼月馅饼鲜肉饼 美味早餐",26.00元,"京东超市
知味观 榨菜鲜肉味现烤酥饼 300g 6只 烘焙面点 速冻面点 酥饼月馅饼鲜肉饼 美味早餐",知味观京东自营旗舰店
杏花楼 蛋黄莲蓉月饼 广式月饼 中华老字号上海特产 中秋传统散装 100g*8,84.00元,杏花楼 蛋黄莲蓉月饼 广式月饼 中华老字号上海特产 中秋传统散装 100g*8,杏花楼京东自营旗舰店
"京东超市
福宁 京式提浆月饼（黑芝麻）400g 5块/桶 传统老味道 中秋礼品 糕点",11.90元,"京东超市
福宁 京式提浆月饼（黑芝麻）400g 5块/桶 传统老味道 中秋礼品 糕点",福宁米修郎京东自营旗舰店
五芳斋 中秋节月饼多口味蛋黄莲蓉陈皮豆沙奶香椰蓉 流心奶黄糯月饼 散装月饼1枚装 60克*2只流心奶黄糯,29.90元,五芳斋 中秋节月饼多口味蛋黄莲蓉陈皮豆沙奶香椰蓉 流心奶黄糯月饼 散装月饼1枚装 60克*2只流心奶黄糯,五芳斋官方旗舰店
味多美 中秋月饼礼盒 巴黎之夜礼盒法式月饼 法式月饼多口味5粒装,69.00元,味多美 中秋月饼礼盒 巴黎之夜礼盒法式月饼 法式月饼多口味5粒装,味多美旗舰店
"京东超市
月饼 华美月饼礼盒 中秋广式蛋黄白莲蓉月饼多口味720g 企业团购中秋礼品送礼 御香月四喜月720g",88.00元,"京东超市
月饼 华美月饼礼盒 中秋广式蛋黄白莲蓉月饼多口味720g 企业团购中秋礼品送礼 御香月四喜月720g",华美糕点自营旗舰店
杏花楼 玫瑰豆沙月饼 广式月饼 中华老字号上海特产 中秋传统散装 100g*8,74.40元,杏花楼 玫瑰豆沙月饼 广式月饼 中华老字号上海特产 中秋传统散装 100g*8,杏花楼京东自营旗舰店
"京东超市
福宁 京式提浆月饼（五仁）400g 5块/桶 传统老味道 中秋礼品 糕点",11.90元,"京东超市
福宁 京式提浆月饼（五仁）400g 5块/桶 传统老味道 中秋礼品 糕点",福宁米修郎京东自营旗舰店
月饼礼盒 正点 冰皮常温4味8饼中秋节月饼480g铁罐装企业团购员工福利,98.00元,月饼礼盒 正点 冰皮常温4味8饼中秋节月饼480g铁罐装企业团购员工福利,正点京东自营旗舰店
100枚水果月饼中秋广式小月饼散装水果味零食糕点荔枝香橙凤梨草莓芒果水蜜桃哈密瓜味 7味混合250g*2袋(约20枚),17.50元,100枚水果月饼中秋广式小月饼散装水果味零食糕点荔枝香橙凤梨草莓芒果水蜜桃哈密瓜味 7味混合250g*2袋(约20枚),阿表哥美食专营店
100枚水果月饼中秋广式小月饼散装水果味零食糕点荔枝香橙凤梨草莓芒果水蜜桃哈密瓜味 7味混合250克(约10枚)尝鲜,11.80元,100枚水果月饼中秋广式小月饼散装水果味零食糕点荔枝香橙凤梨草莓芒果水蜜桃哈密瓜味 7味混合250克(约10枚)尝鲜,阿表哥美食专营店
爱一百流心冰皮月饼礼盒榴莲芒果蓝莓水果味散装多口味小月饼冰皮饼糕点组合中秋礼盒装送礼团购 【配礼盒】8饼8味（4花样冰皮糕点+4流心冰皮）,24.90元,爱一百流心冰皮月饼礼盒榴莲芒果蓝莓水果味散装多口味小月饼冰皮饼糕点组合中秋礼盒装送礼团购 【配礼盒】8饼8味（4花样冰皮糕点+4流心冰皮）,爱一百食品专营店
"京东超市
月饼 稻香村月饼礼盒 中秋节月饼经典老月饼400g 8饼3味礼盒",29.90元,"京东超市
月饼 稻香村月饼礼盒 中秋节月饼经典老月饼400g 8饼3味礼盒",五谷煮意京东自营旗舰店
"京东超市
卢师傅白芝麻月饼75克饼干糕点零食面包下午茶点",3.60元,"京东超市
卢师傅白芝麻月饼75克饼干糕点零食面包下午茶点",卢师傅京东自营旗舰店
桃李月饼 老式提浆月饼800g 传统五仁枣泥椒盐黑芝麻什锦豆沙多口味京式大月饼 送礼散装 五仁100g*8块,39.80元,桃李月饼 老式提浆月饼800g 传统五仁枣泥椒盐黑芝麻什锦豆沙多口味京式大月饼 送礼散装 五仁100g*8块,桃李旗舰店
知味观 中华老字号 流心奶黄月饼 2盒装 流沙蛋黄月饼200克,35.90元,知味观 中华老字号 流心奶黄月饼 2盒装 流沙蛋黄月饼200克,知味观食品旗舰店
杏花楼 中华老字号 上海奶油椰蓉月饼 中秋月饼散装100g 椰香月饼,9.80元,杏花楼 中华老字号 上海奶油椰蓉月饼 中秋月饼散装100g 椰香月饼,杏花楼旗舰店
五味和 中华老字号 苏式月饼杭州特产馅饼椒盐百果味 中秋手工酥皮散装老式火腿365g*2 椒盐百果组合 730g,32.90元,五味和 中华老字号 苏式月饼杭州特产馅饼椒盐百果味 中秋手工酥皮散装老式火腿365g*2 椒盐百果组合 730g,知味观食品旗舰店
"京东超市
【钟汉良推荐】悠享时 中秋月饼礼盒 奶黄流心月饼 中秋礼品 花果茶袋泡茶包 中秋礼盒送礼佳品团购定制 中秋禧悦礼盒512g",169.00元,"京东超市
【钟汉良推荐】悠享时 中秋月饼礼盒 奶黄流心月饼 中秋礼品 花果茶袋泡茶包 中秋礼盒送礼佳品团购定制 中秋禧悦礼盒512g",悠享时yotime旗舰店
月饼 月饼礼盒 华美月饼高档三层硬盒礼盒中秋月饼大礼包团购福利 国潮御礼1050g,109.00元,月饼 月饼礼盒 华美月饼高档三层硬盒礼盒中秋月饼大礼包团购福利 国潮御礼1050g,五谷煮意京东自营旗舰店
"京东超市
月饼散装 房锦记 无添加蔗糖果仁 5枚卷装 中秋节苏式月饼315g送长辈 手工酥皮企业团购员工福利",18.40元,"京东超市
月饼散装 房锦记 无添加蔗糖果仁 5枚卷装 中秋节苏式月饼315g送长辈 手工酥皮企业团购员工福利",房锦记京东自营旗舰店
"京东超市
金九月饼 五仁蛋黄金腿月饼 吴川中秋月饼礼盒装700g",168.00元,"京东超市
金九月饼 五仁蛋黄金腿月饼 吴川中秋月饼礼盒装700g",金九京东自营旗舰店
"京东超市
杏花楼 月饼礼盒 金祺月640g 广式月饼礼盒装中秋送礼 中华老字号上海特产 多口味豆沙蛋黄莲蓉",148.00元,"京东超市
杏花楼 月饼礼盒 金祺月640g 广式月饼礼盒装中秋送礼 中华老字号上海特产 多口味豆沙蛋黄莲蓉",杏花楼京东自营旗舰店
"京东超市
嘉华鲜花饼 云南传统糕点云腿月饼 经典云腿小饼礼袋12枚 300g/袋",38.00元,"京东超市
嘉华鲜花饼 云南传统糕点云腿月饼 经典云腿小饼礼袋12枚 300g/袋",嘉华食品京东自营专卖店
广香饼家 鼎聨双蛋黄白莲蓉伍仁广式月饼150克散装中秋月饼 中秋企业团购送礼 150克双黄白莲蓉1个（满38减10元）,8.80元,广香饼家 鼎聨双蛋黄白莲蓉伍仁广式月饼150克散装中秋月饼 中秋企业团购送礼 150克双黄白莲蓉1个（满38减10元）,广香食品专营店
"京东超市
新雅 瓜仁细沙月饼 广式月饼 中华老字号上海特产 中秋传统老式散装 100g",9.30元,"京东超市
新雅 瓜仁细沙月饼 广式月饼 中华老字号上海特产 中秋传统老式散装 100g",新雅月饼京东自营旗舰店
"京东超市
悠享时 月饼礼盒自营 中秋礼品奶黄流心月饼苏式月饼 蛋黄酥糕点心广式 中秋 送礼佳品团购定制 金禧双层锦盒",269.00元,"京东超市
悠享时 月饼礼盒自营 中秋礼品奶黄流心月饼苏式月饼 蛋黄酥糕点心广式 中秋 送礼佳品团购定制 金禧双层锦盒",YOTIME京东自营官方旗舰店
"京东超市
悠享时 中秋月饼礼盒装 蛋黄酥苏式月饼 酥皮月饼自营 流心月饼中秋节礼品团购定制 中秋礼盒送礼佳品 悦食团圆礼盒510g",169.00元,"京东超市
悠享时 中秋月饼礼盒装 蛋黄酥苏式月饼 酥皮月饼自营 流心月饼中秋节礼品团购定制 中秋礼盒送礼佳品 悦食团圆礼盒510g",YOTIME京东自营官方旗舰店
"京东超市
悠享时 中秋月饼礼盒 水果奶黄流心月饼蛋黄 月饼自营广式月饼 中秋礼盒送礼佳品团购定制 中秋节礼品 中秋集锦礼盒455g",139.00元,"京东超市
悠享时 中秋月饼礼盒 水果奶黄流心月饼蛋黄 月饼自营广式月饼 中秋礼盒送礼佳品团购定制 中秋节礼品 中秋集锦礼盒455g",YOTIME京东自营官方旗舰店
"京东超市
悠享时 中秋月饼礼盒 水果奶黄流心月饼蛋黄 月饼自营广式月饼 中秋礼盒送礼佳品团购定制 中秋节礼品 玉瑞呈祥礼盒440g",129.00元,"京东超市
悠享时 中秋月饼礼盒 水果奶黄流心月饼蛋黄 月饼自营广式月饼 中秋礼盒送礼佳品团购定制 中秋节礼品 玉瑞呈祥礼盒440g",YOTIME京东自营官方旗舰店
"京东超市
悠享时 中秋月饼礼盒装 广式月饼自营 冰皮月饼蛋黄酥苏式月饼 网红奶茶礼盒自营 中秋礼盒团购定制 奶茶礼盒310g",159.00元,"京东超市
悠享时 中秋月饼礼盒装 广式月饼自营 冰皮月饼蛋黄酥苏式月饼 网红奶茶礼盒自营 中秋礼盒团购定制 奶茶礼盒310g",YOTIME京东自营官方旗舰店
"京东超市
悠享时 中秋月饼礼盒装 蛋黄酥苏式月饼 酥皮月饼自营 流心月饼中秋节礼品团购定制 中秋礼盒送礼佳品 星球酥礼盒585g",159.00元,"京东超市
悠享时 中秋月饼礼盒装 蛋黄酥苏式月饼 酥皮月饼自营 流心月饼中秋节礼品团购定制 中秋礼盒送礼佳品 星球酥礼盒585g",YOTIME京东自营官方旗舰店
采芝斋月饼苏式月饼酥皮五仁椒盐散装多口味老式手工传统馅饼杭州特产360g 五仁,22.80元,采芝斋月饼苏式月饼酥皮五仁椒盐散装多口味老式手工传统馅饼杭州特产360g 五仁,食为先零食专营店
【郭师傅旗舰店】月饼礼盒装叉烧皇+金装上五仁月饼礼盒各一盒广式薄皮月饼中秋送礼员工团购惠州手信,144.00元,【郭师傅旗舰店】月饼礼盒装叉烧皇+金装上五仁月饼礼盒各一盒广式薄皮月饼中秋送礼员工团购惠州手信,郭师傅旗舰店
"京东超市
杏花楼 月饼礼盒 特制豆沙800g 广式月饼礼盒装中秋送礼 中华老字号上海特产 老式传统豆沙糕点",131.00元,"京东超市
杏花楼 月饼礼盒 特制豆沙800g 广式月饼礼盒装中秋送礼 中华老字号上海特产 老式传统豆沙糕点",杏花楼京东自营旗舰店
"京东超市
五味和中华老字号 火腿苏式月饼365g 中秋苏式月饼杭州特产传统糕点蛋黄酥网红休闲零食下午茶小吃",22.90元,"京东超市
五味和中华老字号 火腿苏式月饼365g 中秋苏式月饼杭州特产传统糕点蛋黄酥网红休闲零食下午茶小吃",知味观京东自营旗舰店
"京东超市
YOTIME 中秋月饼礼盒装 奶黄雪媚娘流心桃山月饼 曲奇饼干礼盒891g中秋节送礼品 企业团购",219.00元,"京东超市
YOTIME 中秋月饼礼盒装 奶黄雪媚娘流心桃山月饼 曲奇饼干礼盒891g中秋节送礼品 企业团购",YOTIME京东自营旗舰店
"京东超市
杏花楼 月饼礼盒 蛋黄莲蓉680g 广式月饼礼盒装中秋送礼 中华老字号上海特产 传统蛋黄莲蓉",148.00元,"京东超市
杏花楼 月饼礼盒 蛋黄莲蓉680g 广式月饼礼盒装中秋送礼 中华老字号上海特产 传统蛋黄莲蓉",杏花楼京东自营旗舰店
"京东超市
杏花楼 月饼礼盒 猫爪乳酪月饼8枚480g 糕点礼盒装中秋送礼 中华老字号上海特产 太妃咖啡椰蓉莲蓉",198.00元,"京东超市
杏花楼 月饼礼盒 猫爪乳酪月饼8枚480g 糕点礼盒装中秋送礼 中华老字号上海特产 太妃咖啡椰蓉莲蓉",杏花楼京东自营旗舰店
"京东超市
新雅 百果月饼 广式月饼 中华老字号上海特产 中秋传统老式散装 100g",11.50元,"京东超市
新雅 百果月饼 广式月饼 中华老字号上海特产 中秋传统老式散装 100g",新雅月饼京东自营旗舰店
"京东超市
功德林 单只装素食酥皮苏式手工月饼（陈皮细沙味）80g 中秋苏式素月饼 上海特产 中华老字号",8.50元,"京东超市
功德林 单只装素食酥皮苏式手工月饼（陈皮细沙味）80g 中秋苏式素月饼 上海特产 中华老字号",功德林京东自营旗舰店
【买一送一】桃李月饼 提浆月饼散装1斤 中秋老式五仁黑芝麻紫苏籽椒盐枣泥什锦山楂多口味 中秋老式糕点 枣泥500g【拍下送同款，发1000g】,39.80元,【买一送一】桃李月饼 提浆月饼散装1斤 中秋老式五仁黑芝麻紫苏籽椒盐枣泥什锦山楂多口味 中秋老式糕点 枣泥500g【拍下送同款，发1000g】,桃李旗舰店
【买一送一】桃李月饼 提浆月饼散装1斤 中秋老式五仁黑芝麻紫苏籽椒盐枣泥什锦山楂多口味 中秋老式糕点 黑芝麻五仁500g【拍下送同款，发1000g,39.80元,【买一送一】桃李月饼 提浆月饼散装1斤 中秋老式五仁黑芝麻紫苏籽椒盐枣泥什锦山楂多口味 中秋老式糕点 黑芝麻五仁500g【拍下送同款，发1000g,桃李旗舰店
【买一送一】桃李月饼 提浆月饼散装1斤 中秋老式五仁黑芝麻紫苏籽椒盐枣泥什锦山楂多口味 中秋老式糕点 豆沙500g【拍下送同款，发1000g】,39.80元,【买一送一】桃李月饼 提浆月饼散装1斤 中秋老式五仁黑芝麻紫苏籽椒盐枣泥什锦山楂多口味 中秋老式糕点 豆沙500g【拍下送同款，发1000g】,桃李旗舰店
"京东超市
月饼 月饼礼盒 竹篮月饼中秋节月饼礼盒企业团购送礼福利 月满福韵580g",49.90元,"京东超市
月饼 月饼礼盒 竹篮月饼中秋节月饼礼盒企业团购送礼福利 月满福韵580g",五谷煮意京东自营旗舰店
稻香村月饼礼盒中秋节广式月饼蛋黄莲蓉五仁枣蓉糕点礼盒 金典稻香600g（送手提）,59.90元,稻香村月饼礼盒中秋节广式月饼蛋黄莲蓉五仁枣蓉糕点礼盒 金典稻香600g（送手提）,馋神食品专营店
"京东超市
月饼 华美月饼礼盒10饼8味高档硬盒中秋月饼大礼包蛋黄莲蓉月饼国潮献礼660g",59.90元,"京东超市
月饼 华美月饼礼盒10饼8味高档硬盒中秋月饼大礼包蛋黄莲蓉月饼国潮献礼660g",丹谊京东自营旗舰店
"京东超市
月饼 月饼礼盒 竹篮月饼中秋节月饼礼盒企业团购送礼福利 月满浓情800g",69.90元,"京东超市
月饼 月饼礼盒 竹篮月饼中秋节月饼礼盒企业团购送礼福利 月满浓情800g",五谷煮意京东自营旗舰店
【买一送一】桃李月饼 提浆月饼散装1斤 中秋老式五仁黑芝麻紫苏籽椒盐枣泥什锦山楂多口味 中秋老式糕点 玫瑰五仁500g【拍下送同款，发1000g】,39.80元,【买一送一】桃李月饼 提浆月饼散装1斤 中秋老式五仁黑芝麻紫苏籽椒盐枣泥什锦山楂多口味 中秋老式糕点 玫瑰五仁500g【拍下送同款，发1000g】,桃李旗舰店
"京东超市
【冷链配送】悠享时 中秋月饼礼盒 榴莲冰皮月饼自营 马卡龙水果月饼 冰皮流心 中秋礼品 送礼佳品 榴莲冰皮礼盒400g【D24苏丹王榴莲*8】",219.00元,"京东超市
【冷链配送】悠享时 中秋月饼礼盒 榴莲冰皮月饼自营 马卡龙水果月饼 冰皮流心 中秋礼品 送礼佳品 榴莲冰皮礼盒400g【D24苏丹王榴莲*8】",YOTIME京东自营官方旗舰店
"京东超市
悠享时 中秋节礼品 桃山奶黄流心月饼礼盒 中秋月饼礼盒自营 绿豆糕曲奇饼干礼盒 中秋送礼佳品团购定制 锦绣团圆礼盒670g【12味缤纷集锦】",189.00元,"京东超市
悠享时 中秋节礼品 桃山奶黄流心月饼礼盒 中秋月饼礼盒自营 绿豆糕曲奇饼干礼盒 中秋送礼佳品团购定制 锦绣团圆礼盒670g【12味缤纷集锦】",YOTIME京东自营官方旗舰店
"京东超市
悠享时 燕窝月饼礼盒装 月饼自营 中秋节礼品 冰皮月饼广式月饼蛋黄莲蓉 中秋礼盒送礼佳品团购定制 花雾燕窝礼盒520g",299.00元,"京东超市
悠享时 燕窝月饼礼盒装 月饼自营 中秋节礼品 冰皮月饼广式月饼蛋黄莲蓉 中秋礼盒送礼佳品团购定制 花雾燕窝礼盒520g",YOTIME京东自营官方旗舰店
【郭师傅旗舰店】五仁月饼老广式传统五仁月饼礼盒装广式酥皮月饼中秋送礼员工团购惠州手信厂家直发,69.00元,【郭师傅旗舰店】五仁月饼老广式传统五仁月饼礼盒装广式酥皮月饼中秋送礼员工团购惠州手信厂家直发,郭师傅旗舰店
"京东超市
新雅 莲蓉月饼 广式月饼 中华老字号上海特产 中秋传统老式散装 100g",9.50元,"京东超市
新雅 莲蓉月饼 广式月饼 中华老字号上海特产 中秋传统老式散装 100g",新雅月饼京东自营旗舰店
御茶膳房月饼礼盒装京式五仁黑松露蛋黄莲蓉豆沙枣泥核桃奶黄馅月饼送礼多口味高档送人中秋节礼品 典乐汉唐（正）,588.00元,御茶膳房月饼礼盒装京式五仁黑松露蛋黄莲蓉豆沙枣泥核桃奶黄馅月饼送礼多口味高档送人中秋节礼品 典乐汉唐（正）,御茶膳房官方旗舰店
"京东超市
杏花楼 月饼礼盒 杏福欢喜480g 广式月饼礼盒装中秋送礼 中华老字号上海特产 豆沙奶椰双黄莲蓉",118.00元,"京东超市
杏花楼 月饼礼盒 杏福欢喜480g 广式月饼礼盒装中秋送礼 中华老字号上海特产 豆沙奶椰双黄莲蓉",杏花楼京东自营旗舰店
"京东超市
滇园 云腿月饼云南特产滇式月饼80g*10枚 精制宣威火腿小饼零食糕点礼盒装团购",69.00元,"京东超市
滇园 云腿月饼云南特产滇式月饼80g*10枚 精制宣威火腿小饼零食糕点礼盒装团购",滇园食品京东自营旗舰店
杏花楼 迷你铁盒月饼礼盒600g 中华老字号 中秋月饼礼盒 广式月饼,93.00元,杏花楼 迷你铁盒月饼礼盒600g 中华老字号 中秋月饼礼盒 广式月饼,杏花楼旗舰店
桃李提浆月饼散装多口味五仁馅800g,34.80元,桃李提浆月饼散装多口味五仁馅800g,桃李京东自营旗舰店
"京东超市
潘祥记云腿月饼50g*5枚+云腿蛋黄月饼50g*5枚盒装滇式火腿酥皮月饼中秋送礼",59.00元,"京东超市
潘祥记云腿月饼50g*5枚+云腿蛋黄月饼50g*5枚盒装滇式火腿酥皮月饼中秋送礼",潘祥记京东自营旗舰店
"京东超市
月饼散装 乾生元 黑麻椒盐 5枚卷装 中秋节苏式月饼300g中式糕点月饼企业团购员工福利",18.40元,"京东超市
月饼散装 乾生元 黑麻椒盐 5枚卷装 中秋节苏式月饼300g中式糕点月饼企业团购员工福利",乾生元京东自营专区
"京东超市
月饼散装 乾生元 尚品百果 5枚卷装 中秋节苏式月饼300g中式糕点月饼企业团购员工福利",18.40元,"京东超市
月饼散装 乾生元 尚品百果 5枚卷装 中秋节苏式月饼300g中式糕点月饼企业团购员工福利",乾生元京东自营专区
阿表哥云腿月饼50g*10枚散装云南宣威火腿蛋黄月饼老式中秋酥皮滇式月饼礼盒装休闲糕点零食 云腿50克X10枚（推荐）,29.00元,阿表哥云腿月饼50g*10枚散装云南宣威火腿蛋黄月饼老式中秋酥皮滇式月饼礼盒装休闲糕点零食 云腿50克X10枚（推荐）,阿表哥美食专营店
"京东超市
悠享时 中秋节月饼礼盒 芋泥肉松咸蛋黄月饼雪媚娘麻薯 苏式大月饼礼盒310g 中秋礼品 网红 中秋礼盒",94.00元,"京东超市
悠享时 中秋节月饼礼盒 芋泥肉松咸蛋黄月饼雪媚娘麻薯 苏式大月饼礼盒310g 中秋礼品 网红 中秋礼盒",YOTIME京东自营旗舰店
中秋广式月饼5斤迷你水果小月饼散装多口味买一箱送一箱的小零食中秋节礼盒装 中秋礼品送礼 买10个送10个【混合口味 共20个】,15.60元,中秋广式月饼5斤迷你水果小月饼散装多口味买一箱送一箱的小零食中秋节礼盒装 中秋礼品送礼 买10个送10个【混合口味 共20个】,优尚食品专营店
潘祥记云腿月饼8枚云南特产滇式火腿蛋黄月饼散装中秋礼盒送礼 云腿月饼50g*20枚散装（推荐购买）,69.00元,潘祥记云腿月饼8枚云南特产滇式火腿蛋黄月饼散装中秋礼盒送礼 云腿月饼50g*20枚散装（推荐购买）,蓬发食品专营店
富世康 广式五仁月饼散装月饼早餐饼糕点中秋礼品 五仁月饼1斤5个,10.90元,富世康 广式五仁月饼散装月饼早餐饼糕点中秋礼品 五仁月饼1斤5个,中国特产·泰安馆
"京东超市
杏花楼 月饼礼盒 杏福礼480g 广式月饼礼盒装中秋送礼 中华老字号上海特产 蛋黄莲蓉奶椰多口味",118.00元,"京东超市
杏花楼 月饼礼盒 杏福礼480g 广式月饼礼盒装中秋送礼 中华老字号上海特产 蛋黄莲蓉奶椰多口味",杏花楼京东自营旗舰店
良品铺子 月见果中秋送礼礼盒230g 中秋月饼手礼礼盒 豆沙蛋黄莲蓉月饼礼盒团圆伴手礼团购休闲零食 【精致团圆礼】月见果中秋手礼 230gx1份,39.90元,良品铺子 月见果中秋送礼礼盒230g 中秋月饼手礼礼盒 豆沙蛋黄莲蓉月饼礼盒团圆伴手礼团购休闲零食 【精致团圆礼】月见果中秋手礼 230gx1份,良品铺子官方旗舰店
"京东超市
月饼散装 莲香楼 蛋黄豆沙中秋节广式月饼187.5g 铁罐1个装中华老字号企业团购员工福利",34.90元,"京东超市
月饼散装 莲香楼 蛋黄豆沙中秋节广式月饼187.5g 铁罐1个装中华老字号企业团购员工福利",莲香楼京东自营专区
【郭师傅旗舰店】月饼礼盒装豆沙月饼 4个装650g 广式薄皮月饼中秋送礼员工团购惠州手信厂家直发,45.00元,【郭师傅旗舰店】月饼礼盒装豆沙月饼 4个装650g 广式薄皮月饼中秋送礼员工团购惠州手信厂家直发,郭师傅旗舰店
澳丰园【送礼品袋 礼盒装】蛋黄莲蓉月饼广式月饼中秋送礼礼盒 蛋黄莲蓉礼盒装【4饼600克】,49.00元,澳丰园【送礼品袋 礼盒装】蛋黄莲蓉月饼广式月饼中秋送礼礼盒 蛋黄莲蓉礼盒装【4饼600克】,澳丰园食品官方旗舰店
"京东超市
华美月饼中秋礼盒七星伴月810g广式月饼企业团购送礼手信 七星伴月礼盒810g",138.00元,"京东超市
华美月饼中秋礼盒七星伴月810g广式月饼企业团购送礼手信 七星伴月礼盒810g",邮政速递特产专营店
"京东超市
华美月饼 广式双黄白莲蓉月饼礼盒 月饼 香芋蓉红豆蓉椰蓉混合口味 中秋送礼企业团购 蛋黄白莲蓉600g",78.00元,"京东超市
华美月饼 广式双黄白莲蓉月饼礼盒 月饼 香芋蓉红豆蓉椰蓉混合口味 中秋送礼企业团购 蛋黄白莲蓉600g",华美糕点自营旗舰店
"京东超市
悠享时 燕窝月饼礼盒装 月饼自营 中秋节礼品 冰皮月饼广式月饼蛋黄莲蓉 中秋礼盒送礼佳品团购定制 燕窝礼盒480g",259.00元,"京东超市
悠享时 燕窝月饼礼盒装 月饼自营 中秋节礼品 冰皮月饼广式月饼蛋黄莲蓉 中秋礼盒送礼佳品团购定制 燕窝礼盒480g",YOTIME京东自营官方旗舰店
"京东超市
朕的心意故宫食品 中秋月饼礼盒 圆盒香栩 400g",468.00元,"京东超市
朕的心意故宫食品 中秋月饼礼盒 圆盒香栩 400g",朕的心意故宫食品京东自营旗舰店
功德林 官方【无添加蔗糖系列月饼】80g 苏式酥皮散装中秋月饼传统老式素食糕点 上海特产 无添加蔗糖百果+无添加蔗糖白玉金松各一只 1只装,21.80元,功德林 官方【无添加蔗糖系列月饼】80g 苏式酥皮散装中秋月饼传统老式素食糕点 上海特产 无添加蔗糖百果+无添加蔗糖白玉金松各一只 1只装,功德林官方旗舰店
"京东超市
悠享时 中秋节月饼礼盒 水晶月饼蛋黄酥莲蓉月饼广式月饼礼盒装 小月饼中秋礼盒团购定制 中秋送礼佳品 小酥月集锦·伴手礼 280g",89.00元,"京东超市
悠享时 中秋节月饼礼盒 水晶月饼蛋黄酥莲蓉月饼广式月饼礼盒装 小月饼中秋礼盒团购定制 中秋送礼佳品 小酥月集锦·伴手礼 280g",悠享时yotime旗舰店
【中华老字号】诸老大&荣庆和双黄白莲蓉月饼广式中秋咸蛋黄月饼豆沙老式月饼175克x4只装大 【散装】双黄白莲蓉175克x4只,69.90元,【中华老字号】诸老大&荣庆和双黄白莲蓉月饼广式中秋咸蛋黄月饼豆沙老式月饼175克x4只装大 【散装】双黄白莲蓉175克x4只,诸老大官方旗舰店
"京东超市
佳宁娜 潮式迷你酥皮芋蓉月饼 中秋月饼礼盒装送礼 酥皮蛋黄瓜子红豆芋蓉组合 360g 8枚装",99.00元,"京东超市
佳宁娜 潮式迷你酥皮芋蓉月饼 中秋月饼礼盒装送礼 酥皮蛋黄瓜子红豆芋蓉组合 360g 8枚装",佳宁娜食品京东自营旗舰店
"京东超市
杏花楼 月饼礼盒 大吉大栗4枚320g 糕点礼盒装中秋送礼 中华老字号上海特产 栗子",128.00元,"京东超市
杏花楼 月饼礼盒 大吉大栗4枚320g 糕点礼盒装中秋送礼 中华老字号上海特产 栗子",杏花楼京东自营旗舰店
"京东超市
悠享时 月饼礼盒自营 中秋礼品奶黄流心月饼苏式月饼 蛋黄酥糕点心广式 中秋 送礼佳品团购定制 中秋菓子礼盒",189.00元,"京东超市
悠享时 月饼礼盒自营 中秋礼品奶黄流心月饼苏式月饼 蛋黄酥糕点心广式 中秋 送礼佳品团购定制 中秋菓子礼盒",YOTIME京东自营官方旗舰店
"京东超市
桂花斋 双层竹篮月饼礼盒 中秋节礼品大礼包 中秋双蛋黄莲蓉流心奶黄五仁等1128g",99.00元,"京东超市
桂花斋 双层竹篮月饼礼盒 中秋节礼品大礼包 中秋双蛋黄莲蓉流心奶黄五仁等1128g",桂花斋京东自营旗舰店
知味观 中华老字号 八口味可选 单口味单筒 苏式月饼 老式月饼 百果360g,38.80元,知味观 中华老字号 八口味可选 单口味单筒 苏式月饼 老式月饼 百果360g,知味观食品旗舰店
荣华 蛋黄白莲蓉月饼 广式莲蓉月饼中秋月饼礼盒装600g,89.00元,荣华 蛋黄白莲蓉月饼 广式莲蓉月饼中秋月饼礼盒装600g,创想时代食品专营店
"京东超市
五味和 忆江南苏式月饼礼盒300g 中秋节月饼礼盒 月饼礼盒装送礼 网红蛋黄酥礼盒 企业团购定制中秋礼品",69.90元,"京东超市
五味和 忆江南苏式月饼礼盒300g 中秋节月饼礼盒 月饼礼盒装送礼 网红蛋黄酥礼盒 企业团购定制中秋礼品",知味观京东自营旗舰店
"京东超市
诸老大&荣庆和 月饼散装 双黄豆沙月饼175g 中华老字号 广式月饼 中秋节",13.80元,"京东超市
诸老大&荣庆和 月饼散装 双黄豆沙月饼175g 中华老字号 广式月饼 中秋节",诸老大京东自营旗舰店
"京东超市
诺梵复古多口味高档手工夹心糕点中秋月饼礼盒送礼附高品质餐具420g",258.00元,"京东超市
诺梵复古多口味高档手工夹心糕点中秋月饼礼盒送礼附高品质餐具420g",诺梵京东自营旗舰店
"京东超市
月饼礼盒 华美御礼中秋月饼礼盒1520g",298.00元,"京东超市
月饼礼盒 华美御礼中秋月饼礼盒1520g",华美京东自营旗舰店
【礼遇东西】博物馆联名来伊份月饼中秋送礼礼盒伴手礼小零食 2021年小食光280g,29.90元,【礼遇东西】博物馆联名来伊份月饼中秋送礼礼盒伴手礼小零食 2021年小食光280g,来伊份旗舰店
广式老式火腿伍仁金腿2斤五仁叉烧手工蛋黄莲蓉大月饼礼盒包装新鲜日期 中秋节礼盒送礼 2斤伍仁叉烧(无彩盒),39.90元,广式老式火腿伍仁金腿2斤五仁叉烧手工蛋黄莲蓉大月饼礼盒包装新鲜日期 中秋节礼盒送礼 2斤伍仁叉烧(无彩盒),优尚食品专营店
"京东超市
悠享时YOTIME 中秋节月饼礼盒 9味集锦荷花酥糕点 桃山苏式月饼510g 蛋黄酥中秋礼品",148.00元,"京东超市
悠享时YOTIME 中秋节月饼礼盒 9味集锦荷花酥糕点 桃山苏式月饼510g 蛋黄酥中秋礼品",YOTIME京东自营旗舰店
"京东超市
【悠享时X开心麻花联名款】中秋月饼礼盒 桃山流心月饼苏式月饼礼盒自营 蛋黄肉松麻花 中秋送礼佳品团购 哈皮兔悠礼盒【悠享时x开心麻花中秋限",188.00元,"京东超市
【悠享时X开心麻花联名款】中秋月饼礼盒 桃山流心月饼苏式月饼礼盒自营 蛋黄肉松麻花 中秋送礼佳品团购 哈皮兔悠礼盒【悠享时x开心麻花中秋限",YOTIME京东自营官方旗舰店
米旗月洒星河月饼礼盒装600g蛋黄白莲月饼中秋送礼物礼品员工团购,89.90元,米旗月洒星河月饼礼盒装600g蛋黄白莲月饼中秋送礼物礼品员工团购,米旗食品官方旗舰店
"京东超市
中华老字号全聚德 仿膳大皇尊御礼10枚装800g月饼礼盒 京式月饼团购中秋送礼",168.00元,"京东超市
中华老字号全聚德 仿膳大皇尊御礼10枚装800g月饼礼盒 京式月饼团购中秋送礼",全聚德京东自营旗舰店
"京东超市
全聚德 月饼礼盒 中秋月饼 1864月饼礼盒 12枚装510g 蛋黄酥多种口味礼盒 中秋送礼",168.00元,"京东超市
全聚德 月饼礼盒 中秋月饼 1864月饼礼盒 12枚装510g 蛋黄酥多种口味礼盒 中秋送礼",全聚德京东自营旗舰店
千丝老式广式月饼 500g整箱 莲蓉味凤梨味多口味中秋大礼包传统零食 P【新】 凤梨味500g,8.90元,千丝老式广式月饼 500g整箱 莲蓉味凤梨味多口味中秋大礼包传统零食 P【新】 凤梨味500g,零趣食品专营店
"京东超市
广州酒家 芝士流心奶黄月饼400g 利口福广式月饼中秋月饼礼盒送礼手信员工福利",208.00元,"京东超市
广州酒家 芝士流心奶黄月饼400g 利口福广式月饼中秋月饼礼盒送礼手信员工福利",广州酒家旗舰店
诺梵短保多口味巧克力夹心月饼礼盒装高端礼品 流金逐月,129.00元,诺梵短保多口味巧克力夹心月饼礼盒装高端礼品 流金逐月,诺梵官方旗舰店
元朗荣华月饼 中秋月饼礼盒双蛋黄白莲蓉企业团购送礼佳品 【现货】双黄白莲蓉月饼740g【1味4饼】,198.00元,元朗荣华月饼 中秋月饼礼盒双蛋黄白莲蓉企业团购送礼佳品 【现货】双黄白莲蓉月饼740g【1味4饼】,东邮食品旗舰店
刻凡中秋月饼礼盒款大礼包国潮饼礼送礼送亲友送长辈礼物团购 匠心制饼中秋月饼720g礼盒,53.45元,刻凡中秋月饼礼盒款大礼包国潮饼礼送礼送亲友送长辈礼物团购 匠心制饼中秋月饼720g礼盒,刻凡旗舰店
北京稻香村月饼 中秋节礼品团购 中秋送礼散装月饼 北京特产中华老字号 莲蓉双黄120g,15.90元,北京稻香村月饼 中秋节礼品团购 中秋送礼散装月饼 北京特产中华老字号 莲蓉双黄120g,中国特产·北京馆
杭州知味观 中华老字号 清风揽月糕点版中秋月饼礼盒中秋节日国潮礼盒礼包 员工福利企业团购,158.00元,杭州知味观 中华老字号 清风揽月糕点版中秋月饼礼盒中秋节日国潮礼盒礼包 员工福利企业团购,知味观食品旗舰店
一品粤 双黄莲蓉月饼 蛋黄豆沙月饼 花满月月饼礼盒 传统广式中秋节礼品 蛋黄豆沙125g*1,12.90元,一品粤 双黄莲蓉月饼 蛋黄豆沙月饼 花满月月饼礼盒 传统广式中秋节礼品 蛋黄豆沙125g*1,珠江食品旗舰店
五仁月饼老式吃的传统点心糕点类手工广式月饼五仁批发180g-2500g 试吃装2个/180g 五仁,11.20元,五仁月饼老式吃的传统点心糕点类手工广式月饼五仁批发180g-2500g 试吃装2个/180g 五仁,新易休闲食品专营店
金九月饼礼盒装 五仁金腿大饼 广式湛江吴川中秋伍仁月饼礼盒装500g,149.90元,金九月饼礼盒装 五仁金腿大饼 广式湛江吴川中秋伍仁月饼礼盒装500g,金九智慧联盟专卖店
广州酒家 岭南佳果月饼礼盒600g/盒 草莓金桔凤梨水果味中秋广式月饼中秋送礼团购,228.00元,广州酒家 岭南佳果月饼礼盒600g/盒 草莓金桔凤梨水果味中秋广式月饼中秋送礼团购,广州酒家旗舰店
"京东超市
【冷链】悠享时 中秋月饼礼盒 D24苏丹王榴莲冰皮月饼 中秋节礼品爆浆水果流心 中秋送礼企业团购 榴莲冰皮礼盒400g【冷链发货】",229.00元,"京东超市
【冷链】悠享时 中秋月饼礼盒 D24苏丹王榴莲冰皮月饼 中秋节礼品爆浆水果流心 中秋送礼企业团购 榴莲冰皮礼盒400g【冷链发货】",悠享时yotime旗舰店
"京东超市
米旗（Maky）奶黄月饼礼盒8粒装中秋礼品团购福利",119.00元,"京东超市
米旗（Maky）奶黄月饼礼盒8粒装中秋礼品团购福利",米旗京东自营旗舰店
五味和 中华老字号 苏式月饼杭州特产馅饼椒盐百果味休闲零食 中秋手工酥皮散装老式火腿365g 椒盐苏月 365g,22.90元,五味和 中华老字号 苏式月饼杭州特产馅饼椒盐百果味休闲零食 中秋手工酥皮散装老式火腿365g 椒盐苏月 365g,知味观食品旗舰店
"京东超市
采芝斋苏式月饼礼盒中华老字号黑芝麻百果椒盐火腿中秋月饼糕点零食360g/盒",29.90元,"京东超市
采芝斋苏式月饼礼盒中华老字号黑芝麻百果椒盐火腿中秋月饼糕点零食360g/盒",采芝斋食品冲饮京东自营旗舰店
"京东超市
梅花牌昆明冠生园中华老字号中秋云腿月饼火腿月饼8口味22枚经典滇味900g礼盒企业采购团购",90.00元,"京东超市
梅花牌昆明冠生园中华老字号中秋云腿月饼火腿月饼8口味22枚经典滇味900g礼盒企业采购团购",梅花牌京东自营旗舰店
祥禾饽饽铺月饼礼盒 中秋节礼品月饼 企业团购送礼员工福利中秋礼盒【企业团购优选】 万事胜意-300g/盒,99.00元,祥禾饽饽铺月饼礼盒 中秋节礼品月饼 企业团购送礼员工福利中秋礼盒【企业团购优选】 万事胜意-300g/盒,祥禾饽饽铺官方旗舰店
唐朴 广式中秋月饼礼盒装多口味流心月饼蛋黄企业团购定制中秋礼盒网红8粒装,246.00元,唐朴 广式中秋月饼礼盒装多口味流心月饼蛋黄企业团购定制中秋礼盒网红8粒装,唐朴旗舰店
"京东国际
香港美心月饼礼盒 七星伴明月月饼礼盒1350g",581.00元,"京东国际
香港美心月饼礼盒 七星伴明月月饼礼盒1350g",嘉铭桐辰旗舰店
诺梵悦来月好中秋巧克力夹心月饼流心礼盒礼品团购批发 悦来月好,129.00元,诺梵悦来月好中秋巧克力夹心月饼流心礼盒礼品团购批发 悦来月好,诺梵官方旗舰店
月饼 月饼礼盒 中秋节月饼9饼9味 月满中秋550g,29.90元,月饼 月饼礼盒 中秋节月饼9饼9味 月满中秋550g,五谷煮意旗舰店
【买一盒送1盒】杏花楼月饼 中秋广式月饼礼盒臻四喜400g 豆沙/莲蓉/枣泥等多口味节日送礼 臻四喜铁盒400g,108.00元,【买一盒送1盒】杏花楼月饼 中秋广式月饼礼盒臻四喜400g 豆沙/莲蓉/枣泥等多口味节日送礼 臻四喜铁盒400g,伟弘贸易食品专营店
"京东超市
金九月饼 五仁金腿大月饼 广式湛江吴川中秋五仁月饼礼盒4斤装 2000g",409.00元,"京东超市
金九月饼 五仁金腿大月饼 广式湛江吴川中秋五仁月饼礼盒4斤装 2000g",金九月饼京东自营旗舰店
杏花楼 金牌铁盒月饼礼盒680g 中华老字号 中秋月饼礼盒 广式月饼,112.10元,杏花楼 金牌铁盒月饼礼盒680g 中华老字号 中秋月饼礼盒 广式月饼,杏花楼旗舰店
阿表哥云腿月饼100g*10枚散装云南宣威火腿月饼蛋黄月饼中秋酥皮老式纸包月饼糕点零食 纸包火腿100g*10枚,42.80元,阿表哥云腿月饼100g*10枚散装云南宣威火腿月饼蛋黄月饼中秋酥皮老式纸包月饼糕点零食 纸包火腿100g*10枚,阿表哥美食专营店
"京东超市
吉庆祥 中华老字号 云腿月饼礼盒经典吉礼530g 中秋高档礼品",55.00元,"京东超市
吉庆祥 中华老字号 云腿月饼礼盒经典吉礼530g 中秋高档礼品",吉庆祥京东自营旗舰店
广州酒家 好事成双双黄纯白莲蓉月饼650g 蛋黄中秋送礼礼盒团购福利 好事成双双黄纯白莲蓉650克,148.00元,广州酒家 好事成双双黄纯白莲蓉月饼650g 蛋黄中秋送礼礼盒团购福利 好事成双双黄纯白莲蓉650克,东邮食品旗舰店
嘉华 月饼 喜月滇式月饼双层礼盒760g 休闲零食滇式中秋火腿月饼礼盒云南地方特色美食糕点,115.00元,嘉华 月饼 喜月滇式月饼双层礼盒760g 休闲零食滇式中秋火腿月饼礼盒云南地方特色美食糕点,云南嘉华食品旗舰店
"京东超市
华美月饼 广式双黄白莲蓉月饼礼盒 月饼 香芋蓉红豆蓉椰蓉混合口味 中秋送礼企业团购 粤工坊蛋黄白莲蓉320g",49.00元,"京东超市
华美月饼 广式双黄白莲蓉月饼礼盒 月饼 香芋蓉红豆蓉椰蓉混合口味 中秋送礼企业团购 粤工坊蛋黄白莲蓉320g",华美糕点自营旗舰店
"京东超市
月饼 稻香村中秋月饼礼盒火腿广式月饼小欢喜600g",79.00元,"京东超市
月饼 稻香村中秋月饼礼盒火腿广式月饼小欢喜600g",稻香村自营专卖店
"京东超市
全聚德 月饼礼盒 中秋月饼 七星伴月8枚 五仁宫保鸭肉蔓越莓多种口味860g 团购中秋送礼",168.00元,"京东超市
全聚德 月饼礼盒 中秋月饼 七星伴月8枚 五仁宫保鸭肉蔓越莓多种口味860g 团购中秋送礼",全聚德京东自营旗舰店
"京东超市
荣华（ronghua）蛋黄白莲蓉月饼600g礼盒6个装经典广式月饼中秋送礼员工团购福利手信礼盒",119.00元,"京东超市
荣华（ronghua）蛋黄白莲蓉月饼600g礼盒6个装经典广式月饼中秋送礼员工团购福利手信礼盒",荣华食品京东自营旗舰店
功德林【无添加蔗糖月饼铁盒】520g 中秋月饼礼盒苏式传统健康老式手工糕点中华老字号团购送礼送长辈 无添加蔗糖铁盒520g,198.00元,功德林【无添加蔗糖月饼铁盒】520g 中秋月饼礼盒苏式传统健康老式手工糕点中华老字号团购送礼送长辈 无添加蔗糖铁盒520g,功德林官方旗舰店
中秋广式月饼蛋黄莲蓉五仁豆沙水果黑芝麻老苏式酥皮伍仁送人员工礼品散装多口味团购批发100g 豆沙味,2.80元,中秋广式月饼蛋黄莲蓉五仁豆沙水果黑芝麻老苏式酥皮伍仁送人员工礼品散装多口味团购批发100g 豆沙味,桃潭兰花旗舰店
"京东超市
朕的心意故宫食品 中秋月饼礼盒 吉曜盒沁远 405g",358.00元,"京东超市
朕的心意故宫食品 中秋月饼礼盒 吉曜盒沁远 405g",朕的心意故宫食品京东自营旗舰店
一品粤广式传统月饼礼盒 白莲蓉蛋黄五仁豆沙奶黄流心月饼 中秋送礼佳品点心小吃休闲零食团购 中秋好礼·蛋黄莲蓉4饼432克,39.90元,一品粤广式传统月饼礼盒 白莲蓉蛋黄五仁豆沙奶黄流心月饼 中秋送礼佳品点心小吃休闲零食团购 中秋好礼·蛋黄莲蓉4饼432克,珠江食品旗舰店
"京东超市
五味和中华老字号 五味和礼562g 中秋节月饼礼盒 月饼礼盒装送礼 网红蛋黄酥礼盒 企业团购定制中秋礼品",64.90元,"京东超市
五味和中华老字号 五味和礼562g 中秋节月饼礼盒 月饼礼盒装送礼 网红蛋黄酥礼盒 企业团购定制中秋礼品",知味观京东自营旗舰店
"京东超市
功德林 如意鲜花月月饼480g 中秋苏式素月饼礼盒 上海特产 中华老字号",138.00元,"京东超市
功德林 如意鲜花月月饼480g 中秋苏式素月饼礼盒 上海特产 中华老字号",功德林京东自营旗舰店
华美月饼礼盒 月饼广式蛋黄双黄白莲蓉豆沙月饼 中秋节企业团购送礼 蛋黄白莲蓉600克,78.00元,华美月饼礼盒 月饼广式蛋黄双黄白莲蓉豆沙月饼 中秋节企业团购送礼 蛋黄白莲蓉600克,东邮休闲食品专营店
双黄白莲蓉月饼散装多口味广式月饼 皇上皇酒家：双黄白莲蓉187.5克4个,58.00元,双黄白莲蓉月饼散装多口味广式月饼 皇上皇酒家：双黄白莲蓉187.5克4个,品粤食品专营店
中秋月饼礼盒锦华星际璀璨1061g,268.00元,中秋月饼礼盒锦华星际璀璨1061g,锦华礼京东自营旗舰店
"京东超市
宝岛太阳堂 台式中秋月饼礼盒装 流心 蛋黄 酥皮 中秋礼品手工星空酥 多口味 6饼6味 360g",99.00元,"京东超市
宝岛太阳堂 台式中秋月饼礼盒装 流心 蛋黄 酥皮 中秋礼品手工星空酥 多口味 6饼6味 360g",宝岛太阳堂京东自营旗舰店
海鹏 丰镇月饼10个装\/1500g整箱 内蒙古混糖月饼 老式手工月饼传统糕点 早餐饼全国名小吃 五仁60gX16个装,55.00元,海鹏 丰镇月饼10个装\/1500g整箱 内蒙古混糖月饼 老式手工月饼传统糕点 早餐饼全国名小吃 五仁60gX16个装,海鹏食品旗舰店
【全国通用】元祖月饼提货券 月饼券 中秋节礼品卡券 通兑礼券提货劵高端月饼票 308型花弄月提货券,271.04元,【全国通用】元祖月饼提货券 月饼券 中秋节礼品卡券 通兑礼券提货劵高端月饼票 308型花弄月提货券,元祖旗舰店
"京东超市
功德林 功德飞月420g 中秋苏式素月饼礼盒 上海特产 中华老字号",98.00元,"京东超市
功德林 功德飞月420g 中秋苏式素月饼礼盒 上海特产 中华老字号",功德林京东自营旗舰店
"京东超市
杏花楼 月饼礼盒 奶茶流心月饼4枚240g 糕点礼盒装中秋送礼 中华老字号上海特产 黑糖草莓芝士鸳鸯",128.00元,"京东超市
杏花楼 月饼礼盒 奶茶流心月饼4枚240g 糕点礼盒装中秋送礼 中华老字号上海特产 黑糖草莓芝士鸳鸯",杏花楼京东自营旗舰店
【全国通用】元祖月饼提货券 月饼券 中秋节礼品卡券 通兑礼券提货劵高端月饼票 288型花皓月提货券,253.44元,【全国通用】元祖月饼提货券 月饼券 中秋节礼品卡券 通兑礼券提货劵高端月饼票 288型花皓月提货券,元祖旗舰店
悠享时YOTIME 中秋节月饼礼盒装 广式月饼桃山月饼苏式月饼水晶冰皮月饼散装 团购定制链接 中秋映月礼盒544g,139.00元,悠享时YOTIME 中秋节月饼礼盒装 广式月饼桃山月饼苏式月饼水晶冰皮月饼散装 团购定制链接 中秋映月礼盒544g,悠享时yotime旗舰店
"京东超市
滇园 滇式云腿月饼50g*10枚 云南特产蛋黄云腿月饼 中秋月饼云腿酥1斤简易礼盒 蛋黄云腿50g*10枚（盒装）",45.80元,"京东超市
滇园 滇式云腿月饼50g*10枚 云南特产蛋黄云腿月饼 中秋月饼云腿酥1斤简易礼盒 蛋黄云腿50g*10枚（盒装）",滇园旗舰店
江南状元 广式月饼礼盒豆沙枣泥流心奶黄蛋黄莲蓉小月饼中秋节团购定制 祥月礼盒（458g）,58.00元,江南状元 广式月饼礼盒豆沙枣泥流心奶黄蛋黄莲蓉小月饼中秋节团购定制 祥月礼盒（458g）,江南状元官方旗舰店
北京稻香村 京式自来白 袋装月饼 300g,29.90元,北京稻香村 京式自来白 袋装月饼 300g,北京稻香村官方旗舰店
"京东超市
五味和中华老字号 月韵星河430g 中秋节月饼礼盒 月饼礼盒装送礼 网红蛋黄酥礼盒 企业团购定制中秋礼品",94.90元,"京东超市
五味和中华老字号 月韵星河430g 中秋节月饼礼盒 月饼礼盒装送礼 网红蛋黄酥礼盒 企业团购定制中秋礼品",知味观京东自营旗舰店
"京东超市
国潮品牌故宫月饼礼盒高端文创食品糕点中秋礼品送礼中秋礼盒中秋节团购福利 圆盒扶摇",398.00元,"京东超市
国潮品牌故宫月饼礼盒高端文创食品糕点中秋礼品送礼中秋礼盒中秋节团购福利 圆盒扶摇",新馋派京东自营旗舰店
稻香村月饼礼盒装 稻香团聚9饼9味中秋月饼礼盒 广式蛋黄莲蓉五仁豆沙散装多口味中秋节礼品团购员工福利,29.90元,稻香村月饼礼盒装 稻香团聚9饼9味中秋月饼礼盒 广式蛋黄莲蓉五仁豆沙散装多口味中秋节礼品团购员工福利,热购联华食品旗舰店
北京稻香村月饼 中秋好礼 广式散装月饼 玫瑰细沙月饼110g,9.90元,北京稻香村月饼 中秋好礼 广式散装月饼 玫瑰细沙月饼110g,北京稻香村专营店
嘉华 月饼 云腿白饼400g 云南特产传统糕点心中秋团购送礼,42.00元,嘉华 月饼 云腿白饼400g 云南特产传统糕点心中秋团购送礼,嘉华食品京东自营旗舰店
桃李 小悦饼20块1斤 20种口味各一个（25g20块）,39.80元,桃李 小悦饼20块1斤 20种口味各一个（25g20块）,桃李旗舰店
华美月饼 广式双黄蛋黄白莲蓉礼盒铁盒装 企业团购中秋送礼 双黄白莲蓉680g,98.00元,华美月饼 广式双黄蛋黄白莲蓉礼盒铁盒装 企业团购中秋送礼 双黄白莲蓉680g,东邮食品旗舰店
冠生园中秋月饼礼盒送礼团购礼盒装云腿月饼火腿酥皮糕点点心 云巅有礼礼盒500g,69.90元,冠生园中秋月饼礼盒送礼团购礼盒装云腿月饼火腿酥皮糕点点心 云巅有礼礼盒500g,梅花牌旗舰店
"京东超市
诸老大&荣庆和 月饼散装 双黄纯白莲蓉月饼175g 中华老字号 广式月饼 中秋节",16.90元,"京东超市
诸老大&荣庆和 月饼散装 双黄纯白莲蓉月饼175g 中华老字号 广式月饼 中秋节",诸老大京东自营旗舰店
功德林苏式月饼酥皮桃仁百果豆沙中秋传统老式手工月饼净素糕点上海中华老字号 4饼：玫瑰细沙、绿茸香苔、无添加蔗糖百果、五仁玫瑰,42.90元,功德林苏式月饼酥皮桃仁百果豆沙中秋传统老式手工月饼净素糕点上海中华老字号 4饼：玫瑰细沙、绿茸香苔、无添加蔗糖百果、五仁玫瑰,功德林官方旗舰店
"京东国际
香港美心月饼礼盒中秋礼品双黄白莲蓉 月饼礼盒740g",325.00元,"京东国际
香港美心月饼礼盒中秋礼品双黄白莲蓉 月饼礼盒740g",嘉铭桐辰旗舰店
黄家月3斤大月饼伍仁叉烧广式传统中秋月饼礼盒合浦公馆黄记 五仁叉烧,228.00元,黄家月3斤大月饼伍仁叉烧广式传统中秋月饼礼盒合浦公馆黄记 五仁叉烧,黄家月旗舰店
广州陶陶居酒家 中华老字号中秋月饼礼盒装 手工老广式正宗双蛋黄白莲蓉月饼铁盒装送礼佳品企业团购送礼 双黄白莲蓉680g,160.00元,广州陶陶居酒家 中华老字号中秋月饼礼盒装 手工老广式正宗双蛋黄白莲蓉月饼铁盒装送礼佳品企业团购送礼 双黄白莲蓉680g,陶陶居食品官方旗舰店
阿表哥云腿月饼50g*10枚中秋火腿蛋黄月饼散装云南特产滇式宣威火腿月饼礼盒装点心糕点送礼 云腿50g*30枚,69.80元,阿表哥云腿月饼50g*10枚中秋火腿蛋黄月饼散装云南特产滇式宣威火腿月饼礼盒装点心糕点送礼 云腿50g*30枚,阿表哥旗舰店
华美月饼 广式蛋黄双黄纯白莲蓉月饼礼盒赠礼袋非散装 中秋送礼企业团购优惠 御香月双黄纯白莲蓉720g【赠精美礼袋】,99.90元,华美月饼 广式蛋黄双黄纯白莲蓉月饼礼盒赠礼袋非散装 中秋送礼企业团购优惠 御香月双黄纯白莲蓉720g【赠精美礼袋】,东邮冲饮专营店
恩宝丰镇月饼多口味散装胡麻油月饼传统手工老式中秋内蒙古月饼特产 红糖蜂蜜10枚 1550克,42.00元,恩宝丰镇月饼多口味散装胡麻油月饼传统手工老式中秋内蒙古月饼特产 红糖蜂蜜10枚 1550克,李恩寳官方旗舰店
荣华月饼 蛋黄月饼礼盒装 双黄白莲蓉月饼广式中秋月饼礼盒708g,129.00元,荣华月饼 蛋黄月饼礼盒装 双黄白莲蓉月饼广式中秋月饼礼盒708g,星之导食品专营店
潘祥记云腿月饼50g*20枚散装月饼云南特产滇式火腿月饼中秋月饼礼盒送礼 感恩有你礼盒590g（5味9枚买5送1）,69.00元,潘祥记云腿月饼50g*20枚散装月饼云南特产滇式火腿月饼中秋月饼礼盒送礼 感恩有你礼盒590g（5味9枚买5送1）,潘祥记旗舰店
稻香村中秋月饼礼盒糕点礼盒蛋黄莲蓉月饼豆沙月饼五仁月饼多口味月饼员工福利慰问品中秋节日礼品 御品华礼1160g,188.00元,稻香村中秋月饼礼盒糕点礼盒蛋黄莲蓉月饼豆沙月饼五仁月饼多口味月饼员工福利慰问品中秋节日礼品 御品华礼1160g,悦珍福京东自营旗舰店
"京东超市
佳宁娜 中秋月饼礼盒 纯正双黄白莲蓉月饼720g 铁盒 广式酒家月饼",216.00元,"京东超市
佳宁娜 中秋月饼礼盒 纯正双黄白莲蓉月饼720g 铁盒 广式酒家月饼",佳宁娜食品京东自营旗舰店
江南状元 月饼礼盒台式国潮流心奶黄小月饼中秋节送礼佳品400g 新国潮月饼礼盒（50g*8只）,69.00元,江南状元 月饼礼盒台式国潮流心奶黄小月饼中秋节送礼佳品400g 新国潮月饼礼盒（50g*8只）,江南状元官方旗舰店
好利来月饼云间月礼盒新款豆沙五仁月饼中秋节送礼6枚装 云间月礼盒 520g/6枚,154.00元,好利来月饼云间月礼盒新款豆沙五仁月饼中秋节送礼6枚装 云间月礼盒 520g/6枚,好利来旗舰店
"京东超市
中粮中秋月饼礼盒大礼包提货券中秋礼盒五谷杂粮米面油干果组合中秋礼品 398型富贵悦选",358.20元,"京东超市
中粮中秋月饼礼盒大礼包提货券中秋礼盒五谷杂粮米面油干果组合中秋礼品 398型富贵悦选",福萃源京东自营旗舰店
"京东超市
YOTIME 中秋月饼礼盒 多口味奶黄水晶月饼 网红水果月饼冰皮月饼礼盒装 企业团购定制中秋送礼佳品 水晶礼盒420g",129.00元,"京东超市
YOTIME 中秋月饼礼盒 多口味奶黄水晶月饼 网红水果月饼冰皮月饼礼盒装 企业团购定制中秋送礼佳品 水晶礼盒420g",悠享时yotime旗舰店
广州酒家 双黄纯白莲蓉月饼广式月饼中秋礼盒750g送礼节日手信 双黄纯白莲蓉月饼750g,173.00元,广州酒家 双黄纯白莲蓉月饼广式月饼中秋礼盒750g送礼节日手信 双黄纯白莲蓉月饼750g,广州酒家利口福久众专卖店
"京东超市
宝岛太阳堂月饼酥皮礼盒装蛋黄流心月饼员工送礼团购台式手工中秋多口味6饼6味360g",99.00元,"京东超市
宝岛太阳堂月饼酥皮礼盒装蛋黄流心月饼员工送礼团购台式手工中秋多口味6饼6味360g",宝岛太阳堂京东自营旗舰店
功德林 官方【无添加蔗糖系列月饼】80g 苏式酥皮散装中秋月饼传统老式素食糕点 上海特产 无添加蔗糖百果 1只装,12.60元,功德林 官方【无添加蔗糖系列月饼】80g 苏式酥皮散装中秋月饼传统老式素食糕点 上海特产 无添加蔗糖百果 1只装,功德林官方旗舰店
元朗荣华 七星伴月月饼 1.48kg(185g*8) 月饼礼盒 三黄莲蓉双黄莲蓉五仁红豆 月饼套装,561.60元,元朗荣华 七星伴月月饼 1.48kg(185g*8) 月饼礼盒 三黄莲蓉双黄莲蓉五仁红豆 月饼套装,山姆会员商店官方旗舰店
甜饵提篮月饼礼盒中秋月饼大礼包广式月饼蛋黄莲蓉送礼团购 团圆食光2层提篮460g【2层8饼】,106.90元,甜饵提篮月饼礼盒中秋月饼大礼包广式月饼蛋黄莲蓉送礼团购 团圆食光2层提篮460g【2层8饼】,甜饵旗舰店
"京东超市
月饼 咀香园中华老字号经典莲蓉蛋黄月饼礼盒600g",126.00元,"京东超市
月饼 咀香园中华老字号经典莲蓉蛋黄月饼礼盒600g",咀香园食品京东自营旗舰店
潘祥记云腿月饼滇式宣威火腿月饼中秋送礼团购企业采购礼盒云月之旅(铁盒）700g,148.00元,潘祥记云腿月饼滇式宣威火腿月饼中秋送礼团购企业采购礼盒云月之旅(铁盒）700g,潘祥记京东自营旗舰店
稻香村中秋月饼礼盒无蔗糖月饼无糖精食品月饼糖醇月饼糕点礼盒送老人送长辈礼盒 糖醇福韵610g,129.00元,稻香村中秋月饼礼盒无蔗糖月饼无糖精食品月饼糖醇月饼糕点礼盒送老人送长辈礼盒 糖醇福韵610g,悦珍福京东自营旗舰店
老式大月饼四川重庆特产奉节传统手工土月饼冰糖酥皮中秋月饼 冰糖600克x2个,56.00元,老式大月饼四川重庆特产奉节传统手工土月饼冰糖酥皮中秋月饼 冰糖600克x2个,闻联食品专营店
2斤五仁月饼散装多口味手工酥皮月饼豆沙传统老式苏式五仁月饼 五仁,23.80元,2斤五仁月饼散装多口味手工酥皮月饼豆沙传统老式苏式五仁月饼 五仁,云之洛食品专营店
元朗荣华（WINGWAH）中国香港原装品牌大盒七星伴月 多口味港式月饼礼盒 中秋团聚好礼 1480g 大型七星伴月,528.00元,元朗荣华（WINGWAH）中国香港原装品牌大盒七星伴月 多口味港式月饼礼盒 中秋团聚好礼 1480g 大型七星伴月,元朗荣华官方旗舰店
【尝鲜价】稻香村月饼310g（5块装）苏式月饼传统酥皮糕点五仁椒盐月饼 苏式白果,12.80元,【尝鲜价】稻香村月饼310g（5块装）苏式月饼传统酥皮糕点五仁椒盐月饼 苏式白果,联合嘉诚食品专营店
"京东超市
好想你 雪媚娘麻薯糕点心网红零食中秋月饼小吃休闲食品伴手礼一品蛋黄酥320g",30.90元,"京东超市
好想你 雪媚娘麻薯糕点心网红零食中秋月饼小吃休闲食品伴手礼一品蛋黄酥320g",好想你京东自营旗舰店
好想你月饼 蛋黄莲蓉流心100g*2 老式传统糕点盒装中秋送礼品 花系列100g*2【蛋黄莲蓉*2+精选芝麻*2】,200.90元,好想你月饼 蛋黄莲蓉流心100g*2 老式传统糕点盒装中秋送礼品 花系列100g*2【蛋黄莲蓉*2+精选芝麻*2】,好想你官方旗舰店
迪士尼快乐奇旅月饼礼盒流心奶黄月饼中秋节月饼高档礼盒手提箱商务礼品送礼 迪士尼快乐奇旅礼盒,188.00元,迪士尼快乐奇旅月饼礼盒流心奶黄月饼中秋节月饼高档礼盒手提箱商务礼品送礼 迪士尼快乐奇旅礼盒,裕百食品专营店
【中华老字号】诸老大&荣庆和双黄白莲蓉月饼广式中秋咸蛋黄月饼豆沙老式月饼175克x4只装大 【散装】双黄豆沙175克x4只,69.90元,【中华老字号】诸老大&荣庆和双黄白莲蓉月饼广式中秋咸蛋黄月饼豆沙老式月饼175克x4只装大 【散装】双黄豆沙175克x4只,诸老大官方旗舰店
广州陶陶居酒家 月饼广州双星映月双黄白莲蓉680g中秋酒家蛋黄高档礼盒送礼团购企业福利 低糖享悦礼盒720g,140.00元,广州陶陶居酒家 月饼广州双星映月双黄白莲蓉680g中秋酒家蛋黄高档礼盒送礼团购企业福利 低糖享悦礼盒720g,陶陶居食品官方旗舰店
双合成 蛋月烧月饼蛋皮老式手工蛋糕蛋月烧枣泥 豆沙80g,7.00元,双合成 蛋月烧月饼蛋皮老式手工蛋糕蛋月烧枣泥 豆沙80g,双合成食品旗舰店
"京东超市
中粮大礼包中秋节月饼礼盒礼品提货券中秋月饼五谷米面粮油粗粮中秋礼品中秋礼盒杂粮礼盒 富贵品选4026g+700ml",158.00元,"京东超市
中粮大礼包中秋节月饼礼盒礼品提货券中秋月饼五谷米面粮油粗粮中秋礼品中秋礼盒杂粮礼盒 富贵品选4026g+700ml",粮领鲜京东自营旗舰店
采芝斋月饼苏式月饼酥皮五仁椒盐豆沙散装多口味老式手工传统中秋月饼360g 五仁360g*1,22.80元,采芝斋月饼苏式月饼酥皮五仁椒盐豆沙散装多口味老式手工传统中秋月饼360g 五仁360g*1,食为先食品专营店
诺梵中秋巧克力夹心月饼礼盒,109.00元,诺梵中秋巧克力夹心月饼礼盒,诺梵京东自营旗舰店
"京东超市
广州酒家 双黄纯白莲蓉750g 广式月饼礼盒 中秋送礼糕点",178.00元,"京东超市
广州酒家 双黄纯白莲蓉750g 广式月饼礼盒 中秋送礼糕点",广州酒家京东自营旗舰店
"京东超市
月饼 稻香村月饼礼盒中秋月饼蛋黄莲蓉上品御礼1080g",129.00元,"京东超市
月饼 稻香村月饼礼盒中秋月饼蛋黄莲蓉上品御礼1080g",稻香村自营官方旗舰店
"京东超市
五芳斋 月饼礼盒 中秋节双蛋黄莲蓉等广式月饼礼盒装780g 中秋礼品送礼大礼包五芳和家礼盒",89.00元,"京东超市
五芳斋 月饼礼盒 中秋节双蛋黄莲蓉等广式月饼礼盒装780g 中秋礼品送礼大礼包五芳和家礼盒",五芳斋京东自营旗舰店
"京东超市
月饼 稻香村中秋月饼礼盒蛋黄莲蓉团圆祥礼560g",39.90元,"京东超市
月饼 稻香村中秋月饼礼盒蛋黄莲蓉团圆祥礼560g",稻香村自营官方旗舰店
"京东超市
中国香港 美心（Meixin）流心奶黄 港式中秋月饼礼盒 360g 8枚装",358.00元,"京东超市
中国香港 美心（Meixin）流心奶黄 港式中秋月饼礼盒 360g 8枚装",美心京东自营旗舰店
良品铺子 良辰欢聚月412g 月饼礼盒6枚教师节送礼中秋送礼广式月饼鲜果月饼送礼散月奶黄流心,109.00元,良品铺子 良辰欢聚月412g 月饼礼盒6枚教师节送礼中秋送礼广式月饼鲜果月饼送礼散月奶黄流心,良品铺子京东自营旗舰店
"京东超市
月饼 华美月饼礼盒中秋月饼大礼包蛋黄白莲蓉金秋月圆810g",59.90元,"京东超市
月饼 华美月饼礼盒中秋月饼大礼包蛋黄白莲蓉金秋月圆810g",华美京东自营旗舰店
"京东超市
月饼 稻香村月饼礼盒富贵团圆525g",23.90元,"京东超市
月饼 稻香村月饼礼盒富贵团圆525g",稻香村自营官方旗舰店
月饼 稻香村月饼礼盒 中秋糕点礼盒 流心奶黄月饼礼盒 水果奶茶口味 企业团购送礼下午茶员工福利 花月暖语铁盒装450g,158.00元,月饼 稻香村月饼礼盒 中秋糕点礼盒 流心奶黄月饼礼盒 水果奶茶口味 企业团购送礼下午茶员工福利 花月暖语铁盒装450g,稻香村糕点京东自营旗舰店
"京东超市
金九月饼 广式吴川 金九五仁金腿大饼 中秋月饼礼盒装500g",149.90元,"京东超市
金九月饼 广式吴川 金九五仁金腿大饼 中秋月饼礼盒装500g",金九京东自营旗舰店
"京东超市
广州酒家 好事成双月饼礼盒650g 4个装 双黄纯白莲蓉月饼 广式月饼 中秋礼盒",158.00元,"京东超市
广州酒家 好事成双月饼礼盒650g 4个装 双黄纯白莲蓉月饼 广式月饼 中秋礼盒",广州酒家京东自营旗舰店
诺梵巧克力夹心月饼多口味中秋节礼盒公司团购送礼流金逐月315g,109.00元,诺梵巧克力夹心月饼多口味中秋节礼盒公司团购送礼流金逐月315g,诺梵京东自营旗舰店
"京东超市
北京稻香村 月饼礼盒 中秋节礼品 福映月840g （12饼10味）",159.00元,"京东超市
北京稻香村 月饼礼盒 中秋节礼品 福映月840g （12饼10味）",北京稻香村京东自营旗舰店
"京东超市
月饼礼盒 金尊 澳门双黄莲蓉600g铁罐装中秋节送礼广式月饼企业团购员工福利",49.90元,"京东超市
月饼礼盒 金尊 澳门双黄莲蓉600g铁罐装中秋节送礼广式月饼企业团购员工福利",金尊京东自营旗舰店
"京东超市
月饼礼盒 华美月饼中秋月饼大礼包蛋黄莲蓉维港月色720g（双层礼盒）",49.90元,"京东超市
月饼礼盒 华美月饼中秋月饼大礼包蛋黄莲蓉维港月色720g（双层礼盒）",华美京东自营旗舰店
"京东超市
月饼 稻香村月饼礼盒中秋大礼包富贵中秋610g",49.90元,"京东超市
月饼 稻香村月饼礼盒中秋大礼包富贵中秋610g",稻香村自营官方旗舰店
"京东超市
五芳斋 月饼竹篮礼盒 中秋礼品团购广式月饼礼盒 中秋节大礼包酱鸭双蛋黄莲蓉五仁等五芳欢沁1110g",159.00元,"京东超市
五芳斋 月饼竹篮礼盒 中秋礼品团购广式月饼礼盒 中秋节大礼包酱鸭双蛋黄莲蓉五仁等五芳欢沁1110g",五芳斋京东自营旗舰店
杏花楼 广式蛋黄莲蓉月饼680g 中华老字号 中秋月饼礼盒 广式月饼,140.60元,杏花楼 广式蛋黄莲蓉月饼680g 中华老字号 中秋月饼礼盒 广式月饼,杏花楼旗舰店
"京东超市
杏花楼 玫瑰豆沙月饼 广式月饼 中华老字号上海特产 中秋传统散装 100g",9.50元,"京东超市
杏花楼 玫瑰豆沙月饼 广式月饼 中华老字号上海特产 中秋传统散装 100g",杏花楼京东自营旗舰店
"京东超市
月饼 华美金尊纳福中秋月饼礼盒1100g（精装三层礼盒）",119.00元,"京东超市
月饼 华美金尊纳福中秋月饼礼盒1100g（精装三层礼盒）",华美京东自营旗舰店
"京东超市
广州酒家 团团圆圆月饼礼盒492.5g 双黄白莲蓉黑芝麻 广式月饼礼盒 中秋送礼糕点",118.00元,"京东超市
广州酒家 团团圆圆月饼礼盒492.5g 双黄白莲蓉黑芝麻 广式月饼礼盒 中秋送礼糕点",广州酒家京东自营旗舰店
"京东超市
月饼 华美月饼礼盒中秋月饼大礼包蛋黄莲蓉祥鹿贺月630g",39.90元,"京东超市
月饼 华美月饼礼盒中秋月饼大礼包蛋黄莲蓉祥鹿贺月630g",华美京东自营旗舰店
"京东超市
月饼 稻香村高端月饼礼盒中秋送礼团购流心奶黄400g",89.90元,"京东超市
月饼 稻香村高端月饼礼盒中秋送礼团购流心奶黄400g",稻香村月饼专卖店
杏花楼花色提篮月饼礼盒1120g 中华老字号 中秋月饼礼盒 广式月饼 高档,245.00元,杏花楼花色提篮月饼礼盒1120g 中华老字号 中秋月饼礼盒 广式月饼 高档,杏花楼旗舰店
"京东超市
月饼 稻香村月饼礼盒中秋大礼包蛋黄莲蓉家团圆790g",69.90元,"京东超市
月饼 稻香村月饼礼盒中秋大礼包蛋黄莲蓉家团圆790g",稻香村自营官方旗舰店
"京东超市
北京稻香村 月饼礼盒 中秋节礼品 团购送礼 团圆中秋610g（9饼9味）",128.00元,"京东超市
北京稻香村 月饼礼盒 中秋节礼品 团购送礼 团圆中秋610g（9饼9味）",北京稻香村京东自营旗舰店
"京东超市
金九月饼礼盒 广式吴川五仁金腿大饼 中秋月饼送礼盒装1000g",228.00元,"京东超市
金九月饼礼盒 广式吴川五仁金腿大饼 中秋月饼送礼盒装1000g",金九京东自营旗舰店
五芳斋 月饼礼盒 中秋节广式月饼蛋黄莲蓉红豆沙紫薯 五芳韵味680克（内含200克双黄清香莲蓉）,84.90元,五芳斋 月饼礼盒 中秋节广式月饼蛋黄莲蓉红豆沙紫薯 五芳韵味680克（内含200克双黄清香莲蓉）,五芳斋官方旗舰店
"京东超市
杏花楼 蛋黄莲蓉月饼 中华老字号上海特产 中秋传统散装 100g",10.80元,"京东超市
杏花楼 蛋黄莲蓉月饼 中华老字号上海特产 中秋传统散装 100g",杏花楼京东自营旗舰店
稻香村月饼礼盒 稻香花语400g 5味8饼,25.90元,稻香村月饼礼盒 稻香花语400g 5味8饼,风味坐标京东自营旗舰店
"京东超市
北京稻香村 月饼礼盒 中秋节礼品 三禾尊礼965g（12饼10味）",299.00元,"京东超市
北京稻香村 月饼礼盒 中秋节礼品 三禾尊礼965g（12饼10味）",北京稻香村京东自营旗舰店
"京东超市
悠享时 中秋节礼品 桃山奶黄流心月饼礼盒 中秋月饼礼盒自营 绿豆糕曲奇饼干礼盒 中秋送礼佳品团购定制 花好月圆礼盒760g【3味流心+什锦曲奇】",169.00元,"京东超市
悠享时 中秋节礼品 桃山奶黄流心月饼礼盒 中秋月饼礼盒自营 绿豆糕曲奇饼干礼盒 中秋送礼佳品团购定制 花好月圆礼盒760g【3味流心+什锦曲奇】",YOTIME京东自营官方旗舰店
悠享时 中秋节月饼礼盒 桃山奶黄流心月饼礼盒送礼佳品 中秋送礼佳品 绿豆糕礼盒 企业团购定制中秋礼品 中秋映月礼盒【流心+绿豆糕】,139.00元,悠享时 中秋节月饼礼盒 桃山奶黄流心月饼礼盒送礼佳品 中秋送礼佳品 绿豆糕礼盒 企业团购定制中秋礼品 中秋映月礼盒【流心+绿豆糕】,悠享时yotime旗舰店
【流心奶黄】唐朴中秋港式流心奶黄月饼礼盒 中秋糕点礼盒广式冰皮网红企业团购6枚装360g,182.00元,【流心奶黄】唐朴中秋港式流心奶黄月饼礼盒 中秋糕点礼盒广式冰皮网红企业团购6枚装360g,唐朴旗舰店
"京东超市
良品铺子 良辰欢聚月412g 月饼礼盒6枚教师节送礼中秋送礼广式月饼鲜果送礼散月奶黄流心",109.00元,"京东超市
良品铺子 良辰欢聚月412g 月饼礼盒6枚教师节送礼中秋送礼广式月饼鲜果送礼散月奶黄流心",良品铺子京东自营旗舰店
诺梵中秋巧克力夹心月饼送礼荷风桂语315g,138.00元,诺梵中秋巧克力夹心月饼送礼荷风桂语315g,诺梵京东自营旗舰店
"京东超市
味滋源 2层提篮月饼礼盒600g广式冰皮五仁蛋黄莲蓉桃山皮豆沙多口味中秋节送礼团购礼品",43.50元,"京东超市
味滋源 2层提篮月饼礼盒600g广式冰皮五仁蛋黄莲蓉桃山皮豆沙多口味中秋节送礼团购礼品",味滋源京东自营旗舰店
"京东超市
知味观中华老字号 椒盐馅8只 苏式酥皮月饼360g筒装 中秋送礼杭州特产散装馅饼",19.90元,"京东超市
知味观中华老字号 椒盐馅8只 苏式酥皮月饼360g筒装 中秋送礼杭州特产散装馅饼",知味观京东自营旗舰店
"京东超市
月饼 稻香村月饼礼盒 稻香韵月800g双层竹篮",159.00元,"京东超市
月饼 稻香村月饼礼盒 稻香韵月800g双层竹篮",亲别找啦京东自营旗舰店
"京东超市
月饼 稻香村月饼礼盒盛世金尊1300g双层礼盒8味16饼含蛋黄莲蓉月饼",119.00元,"京东超市
月饼 稻香村月饼礼盒盛世金尊1300g双层礼盒8味16饼含蛋黄莲蓉月饼",京东自营月饼活动专区
月饼 稻香村金色三层月饼礼盒 稻香荣典 1210g 12饼8味 稻香村月饼五仁蛋黄莲蓉企业团购集采,99.00元,月饼 稻香村金色三层月饼礼盒 稻香荣典 1210g 12饼8味 稻香村月饼五仁蛋黄莲蓉企业团购集采,稻香村·遵化特产馆
良品铺子 团圆鲜果月660g 中秋送礼教师节送礼大月饼鲜果月流心奶黄月中秋送礼广式礼盒散月传统糕点,198.00元,良品铺子 团圆鲜果月660g 中秋送礼教师节送礼大月饼鲜果月流心奶黄月中秋送礼广式礼盒散月传统糕点,良品铺子京东自营旗舰店
"京东超市
稻香村 月饼礼盒 双层中秋礼盒 稻香金礼1108g/盒 企业团购福利",109.00元,"京东超市
稻香村 月饼礼盒 双层中秋礼盒 稻香金礼1108g/盒 企业团购福利",源合斋京东自营旗舰店
"京东超市
五芳斋 月饼礼盒（双层） 中秋节港式四层流心糯月饼礼盒装 五芳皓月糯礼盒720g",199.00元,"京东超市
五芳斋 月饼礼盒（双层） 中秋节港式四层流心糯月饼礼盒装 五芳皓月糯礼盒720g",五芳斋京东自营旗舰店
"京东超市
桃山奶黄流心月饼礼盒 中秋月饼礼盒自营 绿豆糕曲奇饼干礼盒 中秋送礼佳品团购定制 中秋映月礼盒544g【3味流心+八味绿豆糕】",139.00元,"京东超市
桃山奶黄流心月饼礼盒 中秋月饼礼盒自营 绿豆糕曲奇饼干礼盒 中秋送礼佳品团购定制 中秋映月礼盒544g【3味流心+八味绿豆糕】",YOTIME京东自营官方旗舰店
"京东超市
卢师傅椰蓉月饼糕点零食早餐下午茶点8枚特惠整箱装",15.86元,"京东超市
卢师傅椰蓉月饼糕点零食早餐下午茶点8枚特惠整箱装",卢师傅京东自营旗舰店
"京东超市
中国香港 美心（Meixin）盛意奶黄 港式月饼礼盒 270g",268.00元,"京东超市
中国香港 美心（Meixin）盛意奶黄 港式月饼礼盒 270g",美心京东自营旗舰店
杏花楼 嫦娥铁盒月饼礼盒800g 中华老字号 中秋月饼礼盒 广式月饼,108.00元,杏花楼 嫦娥铁盒月饼礼盒800g 中华老字号 中秋月饼礼盒 广式月饼,杏花楼旗舰店
"京东超市
三只松鼠奶黄流心礼月饼礼盒 中秋送礼传统糕点点心休闲零食300g",79.90元,"京东超市
三只松鼠奶黄流心礼月饼礼盒 中秋送礼传统糕点点心休闲零食300g",三只松鼠京东自营旗舰店
"京东超市
葡记 咸蛋黄酥20枚礼盒1000g 中秋月饼礼盒 手工特产糕点心 网红蛋糕面包曲奇饼干 下午茶休闲零食 团购送礼",59.90元,"京东超市
葡记 咸蛋黄酥20枚礼盒1000g 中秋月饼礼盒 手工特产糕点心 网红蛋糕面包曲奇饼干 下午茶休闲零食 团购送礼",葡记京东自营旗舰店
"京东超市
月饼 华美月饼礼盒蛋黄纯白莲蓉多种口味 中秋送礼团购臻品1020g",149.00元,"京东超市
月饼 华美月饼礼盒蛋黄纯白莲蓉多种口味 中秋送礼团购臻品1020g",华美食品京东官方自营旗舰店
"京东超市
广州酒家 双黄纯白莲蓉月饼 广式月饼礼盒750g/盒 中秋送礼月饼员工团购福利手信礼盒",188.00元,"京东超市
广州酒家 双黄纯白莲蓉月饼 广式月饼礼盒750g/盒 中秋送礼月饼员工团购福利手信礼盒",广州酒家旗舰店
稻香村 月饼礼盒 中秋礼盒稻香尊月710g/盒 企业团购公司福利,59.90元,稻香村 月饼礼盒 中秋礼盒稻香尊月710g/盒 企业团购公司福利,稻香村·鹿泉特产馆
广州酒家月饼七星伴月利口福广式中秋月饼礼盒 企业团购中秋送礼手信 七星伴月礼盒810g(8个饼),246.00元,广州酒家月饼七星伴月利口福广式中秋月饼礼盒 企业团购中秋送礼手信 七星伴月礼盒810g(8个饼),邮政速递特产专营店
"京东超市
月饼礼盒鲜品屋中秋月饼大礼包金秋品月1025g（13饼13味）中秋节送礼广式苏式蛋黄莲蓉糕点礼盒",59.90元,"京东超市
月饼礼盒鲜品屋中秋月饼大礼包金秋品月1025g（13饼13味）中秋节送礼广式苏式蛋黄莲蓉糕点礼盒",鲜品屋京东自营旗舰店
"京东超市
百草味 中秋月饼礼盒 中秋流心奶黄零食多口味盒装中秋礼盒礼品送礼 【广式+流心】对月吟诗礼盒400g",99.90元,"京东超市
百草味 中秋月饼礼盒 中秋流心奶黄零食多口味盒装中秋礼盒礼品送礼 【广式+流心】对月吟诗礼盒400g",百草味官方旗舰店
"京东超市
月饼 稻香村月饼礼盒中秋月饼稻香福月竹篮礼盒730g",69.90元,"京东超市
月饼 稻香村月饼礼盒中秋月饼稻香福月竹篮礼盒730g",稻香村自营官方旗舰店
月饼 首都心意双层月饼礼盒心意颂礼910g蛋黄莲蓉五仁流心月饼大礼包中秋节礼品,258.00元,月饼 首都心意双层月饼礼盒心意颂礼910g蛋黄莲蓉五仁流心月饼大礼包中秋节礼品,稻香村食品礼品卡券京东自营专区
月饼 稻香村月饼礼盒 中秋糕点礼盒 海上升明月实景意境创意礼盒 2021年稻香村新品 企业团购送礼 摘月660g,398.00元,月饼 稻香村月饼礼盒 中秋糕点礼盒 海上升明月实景意境创意礼盒 2021年稻香村新品 企业团购送礼 摘月660g,稻香村糕点京东自营旗舰店
杏花楼 月饼礼盒 七星伴月810g 广式月饼礼盒装中秋送礼 中华老字号上海特产 传统老式多口味,198.00元,杏花楼 月饼礼盒 七星伴月810g 广式月饼礼盒装中秋送礼 中华老字号上海特产 传统老式多口味,杏花楼京东自营旗舰店
"京东超市
月饼 华美蛋黄莲蓉中秋月饼礼盒880g(精装双层礼盒)",68.00元,"京东超市
月饼 华美蛋黄莲蓉中秋月饼礼盒880g(精装双层礼盒)",华美京东自营旗舰店
"京东超市
广州酒家 熔岩流心奶黄礼盒400g 巧克力流心 送礼佳品",220.00元,"京东超市
广州酒家 熔岩流心奶黄礼盒400g 巧克力流心 送礼佳品",广州酒家京东自营旗舰店
"京东超市
广州酒家 芝你心意流心月饼礼盒400g 8个装 中秋月饼 送礼佳品",228.00元,"京东超市
广州酒家 芝你心意流心月饼礼盒400g 8个装 中秋月饼 送礼佳品",广州酒家京东自营旗舰店
广州酒家月饼 中秋月饼礼盒 利口福广式双蛋黄白莲蓉豆沙月饼礼盒 企采团购送礼佳品 荣华富贵532.5克,138.00元,广州酒家月饼 中秋月饼礼盒 利口福广式双蛋黄白莲蓉豆沙月饼礼盒 企采团购送礼佳品 荣华富贵532.5克,东邮食品旗舰店
"京东超市
月饼 稻香村月饼礼盒1220g含500克奶油五仁大月饼 蛋黄莲蓉月饼 上品荣典",89.00元,"京东超市
月饼 稻香村月饼礼盒1220g含500克奶油五仁大月饼 蛋黄莲蓉月饼 上品荣典",京东自营月饼活动专区
元朗荣华月饼礼盒 双蛋黄白莲蓉中秋月饼740g 香港品牌中秋节送礼品广式月饼礼盒,218.00元,元朗荣华月饼礼盒 双蛋黄白莲蓉中秋月饼740g 香港品牌中秋节送礼品广式月饼礼盒,元朗荣华京东自营专卖店
【限时秒杀】月饼 华美月饼礼盒广式双黄蛋黄白莲蓉豆沙五仁多口味 企业团购中秋送礼 粤工坊双蛋黄白莲蓉720g,99.90元,【限时秒杀】月饼 华美月饼礼盒广式双黄蛋黄白莲蓉豆沙五仁多口味 企业团购中秋送礼 粤工坊双蛋黄白莲蓉720g,东邮食品旗舰店
月饼礼盒 莲香楼 双黄纯正白莲蓉中秋节广式月饼4饼750g铁罐装中华老字号企业团购员工福利,188.00元,月饼礼盒 莲香楼 双黄纯正白莲蓉中秋节广式月饼4饼750g铁罐装中华老字号企业团购员工福利,莲香楼京东自营专区
知味观 中华老字号 苏式月饼杭州特产馅饼椒盐百果味*2 中秋手工酥皮散装老式360g,32.90元,知味观 中华老字号 苏式月饼杭州特产馅饼椒盐百果味*2 中秋手工酥皮散装老式360g,知味观食品旗舰店
"京东超市
稻香村 月饼礼盒 中秋礼盒 稻香瑞礼770g/盒 企业团购福利",59.90元,"京东超市
稻香村 月饼礼盒 中秋礼盒 稻香瑞礼770g/盒 企业团购福利",源合斋京东自营旗舰店
喜来顺金秋祝福9味15饼传统糕点散装多口味广式老式蛋黄白莲蓉伍仁豆沙月饼送礼800克,29.80元,喜来顺金秋祝福9味15饼传统糕点散装多口味广式老式蛋黄白莲蓉伍仁豆沙月饼送礼800克,喜来顺京东自营旗舰店
稻香村月饼礼盒装 上品荣礼1020g中秋传统高端团购送礼广式糖醇月饼京式蛋黄莲蓉椰蓉五仁枣泥豆沙,199.00元,稻香村月饼礼盒装 上品荣礼1020g中秋传统高端团购送礼广式糖醇月饼京式蛋黄莲蓉椰蓉五仁枣泥豆沙,好食尚品食品专营店
"京东超市
元朗 月饼礼盒 咸蛋黄白莲蓉 老广东广州港式中秋节送礼零食品520g",89.00元,"京东超市
元朗 月饼礼盒 咸蛋黄白莲蓉 老广东广州港式中秋节送礼零食品520g",元朗京东自营旗舰店
"京东超市
杏花楼 月饼礼盒 福月宝480g 广式月饼礼盒装中秋送礼 中华老字号上海特产 多口味豆沙奶椰",98.00元,"京东超市
杏花楼 月饼礼盒 福月宝480g 广式月饼礼盒装中秋送礼 中华老字号上海特产 多口味豆沙奶椰",杏花楼京东自营旗舰店
